{
    "box": [
        {
            "Vleft": {
                "x": 1.5299999713897706,
                "y": 1.600000023841858
            },
            "Vright": {
                "x": 5.119999885559082,
                "y": 1.600000023841858
            },
            "Vup": {
                "x": 3.3299999237060549,
                "y": 3.3499999046325685
            },
            "Vdown": {
                "x": 3.3299999237060549,
                "y": -0.14000000059604646
            },
            "Syleft": 2.93184494972229,
            "Syright": 2.93184494972229,
            "Syup": 2.974637031555176,
            "Sydown": 2.974637031555176
        },
        {
            "Vleft": {
                "x": 0.23,
                "y": 1.6
            },
            "Vright": {
                "x": 6.42,
                "y": 1.6
            },
            "Vup": {
                "x": 3.33,
                "y": 3.35
            },
            "Vdown": {
                "x": 3.33,
                "y": -0.14
            },
            "Syleft": 2.93,
            "Syright": 2.93,
            "Syup": 5.2,
            "Sydown": 5.2
        },
        {
            "Vleft": {
                "x": 2.03,
                "y": 1.6
            },
            "Vright": {
                "x": 4.62,
                "y": 1.6
            },
            "Vup": {
                "x": 3.33,
                "y": 3.35
            },
            "Vdown": {
                "x": 3.33,
                "y": -0.14
            },
            "Syleft": 2.93,
            "Syright": 2.93,
            "Syup": 2.19,
            "Sydown": 2.19
 },
        { 
 "Creator_note":" 3 normal 通常",
            "Vleft": {
                "x": 1.5299999713897706,
                "y": 1.600000023841858
            },
            "Vright": {
                "x": 5.119999885559082,
                "y": 1.600000023841858
            },
            "Vup": {
                "x": 3.3299999237060549,
                "y": 3.3499999046325685
            },
            "Vdown": {
                "x": 3.3299999237060549,
                "y": -0.14000000059604646
            },
            "Syleft": 2.93184494972229,
            "Syright": 2.93184494972229,
            "Syup": 2.974637031555176,
            "Sydown": 2.974637031555176
        },
        { 
 "Creator_note":" 4 Horizontal rectangle 横長長方形",
            "Vleft": {
                "x": -1.25,
                "y": 2.33998244255781177
            },
            "Vright": {
                "x": 8.179999828338623,
                "y": 2.33998244255781177
            },
            "Vup": {
                "x": 3.4600000381469728,
                "y": 4.81996488571167
            },
            "Vdown": {
                "x": 3.4600000381469728,
                "y": -0.14000000059604646
            },
            "Syleft": 4.085539951324463,
            "Syright": 4.085539951324463,
            "Syup": 7.809999828338623,
            "Sydown": 7.809999828338623
 
},
  {
 "Creator_note":" 5 vertical rectangle 縦長長方形",
            "Vleft": {
                "x": 1.3099999713897706,
                "y": 3.115000023841858
            },
            "Vright": {
                "x": 5.339999885559082,
                "y": 3.115000023841858
            },
            "Vup": {
                "x": 3.3299999237060549,
                "y": 6.3499999046325685
            },
            "Vdown": {
                "x": 3.3299999237060549,
                "y": -0.14000000059604646
            },
            "Syleft": 5.34494972229,
            "Syright": 5.34494972229,
            "Syup": 3.36031555176 ,
            "Sydown": 3.36031555176
},
  {
 "Creator_note":" 6 vertical thin rectangle 縦長細い長方形",
            "Vleft": {
                "x": 2.80099999713897706,
                "y": 1.60515000023841858
            },
            "Vright": {
                "x": 3.8539999885559082,
                "y": 1.60515000023841858
            },
            "Vup": {
                "x": 3.3299999237060549,
                "y": 3.3499999046325685
            },
            "Vdown": {
                "x": 3.3299999237060549,
                "y": -0.14000000059604646
            },
            "Syleft": 2.94494972229,
            "Syright": 2.94494972229,
            "Syup": 0.856031555176 ,
            "Sydown": 0.856031555176

   
        },
        {
        "Creator_note": " 7 horaizontal thin rectangle 横長細い長方形",
            "Vleft": {
                "x": -0.25,
                "y": 1.339964747428894
            },
            "Vright": {
                "x": 7.179999828338623,
                "y": 1.339964747428894
            },
            "Vup": {
                "x": 3.4600000381469728,
                "y": 2.81996488571167
            },
            "Vdown": {
                "x": 3.4600000381469728,
                "y": -0.14000000059604646
            },
            "Syleft": 2.445539951324463,
            "Syright": 2.445539951324463,
            "Syup": 6.179999828338623,
            "Sydown": 6.179999828338623
},
{
"Creator_note":" 8 bottom left 左下",
            "Vleft": {
                "x": -2.1199999713897706,
                "y": 1.600000023841858
            },
            "Vright": {
                "x": 1.519999885559082,
                "y": 1.600000023841858
            },
            "Vup": {
                "x": -0.298999237060549,
                "y": 3.3499999046325685
            },
            "Vdown": {
                "x": -0.299999237060549,
                "y": -0.14000000059604646
            },
            "Syleft": 2.93184494972229,
            "Syright": 2.93184494972229,
            "Syup": 2.974637031555176,
            "Sydown": 2.974637031555176
},
{
"Creator_note":" 9 horaizontal rectangle 2 横長長方形2",
            "Vleft": {
                "x": -2.1199999713897706,
                "y": 1.600000023841858
            },
            "Vright": {
                "x": 8.7599885559082,
                "y": 1.600000023841858
            },
            "Vup": {
                "x": 3.3199237060549,
                "y": 3.3499999046325685
            },
            "Vdown": {
                "x": 3.3199237060549,
                "y": -0.14000000059604646
            },
            "Syleft": 2.93184494972229,
            "Syright": 2.93184494972229,
            "Syup": 8.94637031555176,
            "Sydown": 8.94637031555176
},
{
"Creator_note":" 10 bottom right 右下",
            "Vleft": {
                "x": 5.1199999713897706,
                "y": 1.600000023841858
            },
            "Vright": {
                "x": 8.7599885559082,
                "y": 1.600000023841858
            },
            "Vup": {
                "x": 6.93899237060549,
                "y": 3.3499999046325685
            },
            "Vdown": {
                "x": 6.93999237060549,
                "y": -0.14000000059604646
            },
            "Syleft": 2.93184494972229,
            "Syright": 2.93184494972229,
            "Syup": 2.974637031555176,
            "Sydown": 2.974637031555176
},
{
"Creator_note":" 11 top left 左上",
            "Vleft": {
                "x": -2.1199999713897706,
                "y": 5.110000023841858
            },
            "Vright": {
                "x": 1.519999885559082,
                "y": 5.110000023841858
            },
            "Vup": {
                "x": -0.298999237060549,
                "y": 6.86
            },
            "Vdown": {
                "x": -0.299999237060549,
                "y": 3.3609999046325685
            },
            "Syleft": 2.94184494972229,
            "Syright": 2.94184494972229,
            "Syup": 2.974637031555176,
            "Sydown": 2.974637031555176
},
{
"Creator_note":" 12 upper horaizontal rectangle 上側横長長方形",
            "Vleft": {
                "x": -2.1199999713897706,
                "y": 5.1100023841858
            },
            "Vright": {
                "x": 8.7599885559082,
                "y": 5.110000023841858
            },
            "Vup": {
                "x": 3.3199237060549,
                "y": 6.86
            },
            "Vdown": {
                "x": 3.3199237060549,
                "y": 3.3609999046325685
            },
            "Syleft": 2.94184494972229,
            "Syright": 2.94184494972229,
            "Syup": 8.94637031555176,
            "Sydown": 8.94637031555176
},
{
"Creator_note":" 13 top right 右上",
            "Vleft": {
                "x": 5.1299999713897706,
                "y": 5.11000023841858
            },
            "Vright": {
                "x": 8.7599885559082,
                "y": 5.110000023841858
            },
            "Vup": {
                "x": 6.93899237060549,
                "y": 6.86
            },
            "Vdown": {
                "x": 6.93999237060549,
                "y": 3.3609999046325685
            },
            "Syleft": 2.94184494972229,
            "Syright": 2.94184494972229,
            "Syup": 2.974637031555176,
            "Sydown": 2.974637031555176
},
  {
  "Creator_note":" 14 special attack スペシャル攻撃",
            "Vleft": {
                "x": -1.5299999713897706,
                "y": 20.600000023841858
            },
            "Vright": {
                "x": -0.919999885559082,
                "y": 20.600000023841858
            },
            "Vup": {
                "x": 3.3299999237060549,
                "y": 3.3399999046325685
            },
            "Vdown": {
                "x": 3.3299999237060549,
                "y": -0.13000000059604646
            },
            "Syleft": 2.93184494972229,
            "Syright": 2.93184494972229,
            "Syup": 20.974637031555176,
            "Sydown": 20.974637031555176
},
  {
  "Creator_note":" 15 special attack arrival スペシャル攻撃到着",
            "Vleft": {
                "x": -1.5299999713897706,
                "y": 20.600000023841858
            },
            "Vright": {
                "x": 5.19999885559082,
                "y": 1.600000023841858
            },
            "Vup": {
                "x": -0.80999237060549,
                "y": 3.3499999046325685
            },
            "Vdown": {
                "x": -0.809237060549,
                "y": -0.14000000059604646
            },
            "Syleft": 2.93184494972229,
            "Syright": 2.93184494972229,
            "Syup": 9.9474637031555176,
            "Sydown": 9.9474637031555176
      },
        {
            "Vleft": {
                "x": -0.4,
                "y": 1.6
            },
            "Vright": {
                "x": 3.05,
                "y": 1.6
            },
            "Vup": {
                "x": 1.33,
                "y": 3.35
            },
            "Vdown": {
                "x": 1.33,
                "y": -0.14
            },
            "Syleft": 2.9,
            "Syright": 2.9,
            "Syup": 2.9,
            "Sydown": 2.9
   },
        {
            "Vleft": {
                "x": 3.0,
                "y": 1.6
            },
            "Vright": {
                "x": 3.6,
                "y": 1.6
            },
            "Vup": {
                "x": 3.33,
                "y": 3.35
            },
            "Vdown": {
                "x": 3.33,
                "y": -0.14
            },
            "Syleft": 2.93,
            "Syright": 2.93,
            "Syup": 0.5,
            "Sydown": 0.5
      },
        {
            "Vleft": {
                "x": -0.25,
                "y": 1.339964747428894
            },
            "Vright": {
                "x": 7.379999828338623,
                "y": 1.339964747428894
            },
            "Vup": {
                "x": 3.5600000381469728,
                "y": 2.81996488571167
            },
            "Vdown": {
                "x": 3.5600000381469728,
                "y": -0.14000000059604646
            },
            "Syleft": 2.445539951324463,
            "Syright": 2.445539951324463,
            "Syup": 6.379999828338623,
            "Sydown": 6.379999828338623
            },
            {
            "creator_note": "19 no left-right borders box0",
                        "Vleft": {
                "x": 1.5299999713897706,
                "y": 1.600000023841858
            },
            "Vright": {
                "x": 5.119999885559082,
                "y": 1.600000023841858
            },
            "Vup": {
                "x": 3.3299999237060549,
                "y": 3.3499999046325685
            },
            "Vdown": {
                "x": 3.3299999237060549,
                "y": -0.14000000059604646
            },
            "Syleft": 0.0,
            "Syright": 0.0,
            "Syup": 2.974637031555176,
            "Sydown": 2.974637031555176
                        },
            {
            "creator_note": "20 (Shadow234)",
            "Vleft": {
                "x": -4.5299999713897706,
                "y": 1.600000023841858
            },
            "Vright": {
                "x": 12.119999885559082,
                "y": 1.600000023841858
            },
            "Vup": {
                "x": 3.3299999237060549,
                "y": 3.3499999046325685
            },
            "Vdown": {
                "x": 3.3299999237060549,
                "y": -0.14000000059604646
            },
            "Syleft": 2.93184494972229,
            "Syright": 2.93184494972229,
            "Syup": 7.974637031555176,
            "Sydown": 7.974637031555176
            },
            {
            "creator_note":"21 (Shadow234-chess)",
                        "Vleft": {
                "x": 1.4599999713897706,
                "y": 1.700000023841858
            },
            "Vright": {
                "x": 5.349999885559082,
                "y": 1.700000023841858
            },
            "Vup": {
                "x": 3.3799999237060549,
                "y": 3.3499999046325685
            },
            "Vdown": {
                "x": 3.3799999237060549,
                "y": 0.12000000059604646
            },
            "Syleft": 2.73184494972229,
            "Syright": 2.73184494972229,
            "Syup": 3.274637031555176,
            "Sydown": 3.274637031555176
      },
        {
        "creator_note": "22 (Shadow234 semi norm)",
            "Vleft": {
                "x": -0.25,
                "y": 1.339964747428894
            },
            "Vright": {
                "x": 7.379999828338623,
                "y": 1.339964747428894
            },
            "Vup": {
                "x": 3.5600000381469728,
                "y": 2.81996488571167
            },
            "Vdown": {
                "x": 3.5600000381469728,
                "y": -0.14000000059604646
            },
            "Syleft": 2.445539951324463,
            "Syright": 2.445539951324463,
            "Syup": 6.379999828338623,
            "Sydown": 6.379999828338623
            },
            {
            "creator_note": "23 Shad-LongVertBox",
                        "Vleft": {
                "x": 1.5299999713897706,
                "y": 1.600000023841858
            },
            "Vright": {
                "x": 5.119999885559082,
                "y": 1.600000023841858
            },
            "Vup": {
                "x": 3.3299999237060549,
                "y": 20
            },
            "Vdown": {
                "x": 3.3299999237060549,
                "y": -10
            },
            "Syleft": 20.93184494972229,
            "Syright": 20.93184494972229,
            "Syup": 2.974637031555176,
            "Sydown": 2.974637031555176
            },
            {
              "creator_note": "24 Shad-VerSmolBox",
                        "Vleft": {
                "x": 2.53,
                "y": 2.275
            },
            "Vright": {
                "x": 4.12,
                "y": 2.275
            },
            "Vup": {
                "x": 3.33,
                "y": 3.35
            },
            "Vdown": {
                "x": 3.33,
                "y": 1.14
            },
            "Syleft": 1.9,
            "Syright": 1.9,
            "Syup": 1.86,
            "Sydown": 1.86
        },
       {
            "Vleft": {
                "x": 0.4,
                "y": 1.339964747428894
            },
            "Vright": {
                "x": 6.2,
                "y": 1.339964747428894
            },
            "Vup": {
                "x": 3.3,
                "y": 2.80996488571167
            },
            "Vdown": {
                "x": 3.3,
                "y": -0.14000000059604646
            },
            "Syleft": 2.445539951324463,
            "Syright": 2.445539951324463,
            "Syup": 4.679999828338623,
            "Sydown": 4.679999828338623
        },
        {
            "Vleft": {
                "x": 0.8299999713897706,
                "y": 1.600000023841858
            },
            "Vright": {
                "x": 5.819999885559082,
                "y": 1.600000023841858
            },
            "Vup": {
                "x": 3.3299999237060549,
                "y": 3.3499999046325685
            },
            "Vdown": {
                "x": 3.3299999237060549,
                "y": -0.14000000059604646
            },
            "Syleft": 2.93184494972229,
            "Syright": 2.93184494972229,
            "Syup": 3.974637031555176,
            "Sydown": 3.974637031555176
        },
        {
            "creator_note": "27. bad apple -capy",
            "Vleft": {
                "x": 1.13,
                "y": 1.60
            },
            "Vright": {
                "x": 5.51,
                "y": 1.60
            },
            "Vup": {
                "x": 3.33,
                "y": 3.20
            },
            "Vdown": {
                "x": 3.33,
                "y": 0.1
            },
            "Syleft": 2.77,
            "Syright": 2.77,
            "Syup": 3.58,
            "Sydown": 3.58
        }
    ]
}