{
    "bossSpriteImageUrl": "https://i.imgur.com/rbmkAvh.png",
    "bossSpriteSizeX": 400,
    "bossSpriteSizeY": 460,
    "boneSpriteType1ImageUrl": "",
    "boneSpriteType1SizeX": 100,
    "boneSpriteType1SizeY": 100,
    "gasterSpriteImageUrl": "",
    "gasterSpriteSizeX": 50,
    "gasterSpriteSizeY": 50,
    "backgroundSongUrl": "https://raw.githubusercontent.com/FrubeGD/austale-song/refs/heads/main/SnightCoderBattle(256k).mp3",
    "bossVoiceUrl": "",

    "bgEnable": "true",
    "bgImageUrl": "https://i.imgur.com/hjeJRu3.png",
    "bgHexColor": "#ff7676",
    "bgFade": "false",
    "bgPos": {
        "x": 0.735,
        "y": 3.4
    },
    "bgScale": {
        "x": 0.4571223,
        "y": 1.5
    },
    "bgParticleEnable": "true",
    "bgParticleType": "1",
    "bgParticleHexColor": "#ff7676",
    "bgParticlePos": {
        "x": 0.7560001,
        "y": -3.249999
    },

    "buttonCustomColor": true,
    "buttonColor": "#ff7676",
    "boxColor": "#00ffff",

    "listSprite": [
        {
            "creator_note": "0. charSpr_SpaceCapy",
            "boneSpriteImageUrl": "https://i.imgur.com/DcrvcDC.png",
            "boneSpriteSizeX": 1000.0,
            "boneSpriteSizeY": 1000.0
        },
        {
            "creator_note": "1. charSpr_CS-Paps",
            "boneSpriteImageUrl": "https://i.imgur.com/JLZzxeO.png",
            "boneSpriteSizeX": 1000.0,
            "boneSpriteSizeY": 1000.0
        },
        {
            "creator_note": "2. charSpr_Mot",
            "boneSpriteImageUrl": "https://i.imgur.com/XsUDUIR.png",
            "boneSpriteSizeX": 1000.0,
            "boneSpriteSizeY": 1000.0
        },
        {
            "creator_note": "3. charSpr_UT-Japan",
            "boneSpriteImageUrl": "https://i.imgur.com/qbw6eja.png",
            "boneSpriteSizeX": 1000.0,
            "boneSpriteSizeY": 1000.0
        },
        {
            "creator_note": "4. charSpr_Shadow234",
            "boneSpriteImageUrl": "https://i.imgur.com/XuMCkjz.png",
            "boneSpriteSizeX": 1000.0,
            "boneSpriteSizeY": 1000.0
        },
        {
            "creator_note": "5. charSpr_Sansss",
            "boneSpriteImageUrl": "https://i.imgur.com/3CiJMcb.png",
            "boneSpriteSizeX": 1000.0,
            "boneSpriteSizeY": 1000.0
        },
        {
            "creator_note": "6. сharSpr_AndreiKylo",
            "boneSpriteImageUrl": "https://i.imgur.com/cxicaTn.png",
            "boneSpriteSizeX": 1000.0,
            "boneSpriteSizeY": 1000.0
        },
        {
            "creator_note": "7. charSpr_YaboiYEET",
            "boneSpriteImageUrl": "https://i.imgur.com/ElZFJ8Z.png",
            "boneSpriteSizeX": 1000.0,
            "boneSpriteSizeY": 1000.0
        },



        {
            "creator_note": "8. SpaceCapy - Star Bone",
            "boneSpriteImageUrl": "https://i.imgur.com/JXfSnYj.png",
            "boneSpriteSizeX": 128.0,
            "boneSpriteSizeY": 256.0
        },
        {
            "creator_note": "9. SpaceCapy - Stars",
            "boneSpriteImageUrl": "https://i.imgur.com/jLLN1Mm.png",
            "boneSpriteSizeX": 256.0,
            "boneSpriteSizeY": 256.0
        },
        {
            "creator_note": "10. SpaceCapy - Gaster",
            "boneSpriteImageUrl": "https://i.imgur.com/MQvTJI2.png",
            "boneSpriteSizeX": 70.0,
            "boneSpriteSizeY": 50.0
        },
        {
            "creator_note": "11. CS-Paps - Gaster",
            "boneSpriteImageUrl": "https://raw.githubusercontent.com/YaboiYEET1353/songs-for-austale/main/GasterBlasterULBPhase1.png",
            "boneSpriteSizeX": 70.0,
            "boneSpriteSizeY": 70.0
        },
        {
            "creator_note": "12. Mot - Cookie Bone",
            "boneSpriteImageUrl": "https://raw.githubusercontent.com/Mottom12/Ro/main/Untitled%2003-02-2025%2001-56-03.png",
            "boneSpriteSizeX": 100.0,
            "boneSpriteSizeY": 100.0
        },
        {
            "creator_note": "13. Mot - Gaster",
            "boneSpriteImageUrl": "https://raw.githubusercontent.com/YaboiYEET1353/songs-for-austale/main/artworks-SKSmvv2L1HbpTbTT-8b5aFQ-t500x500.png",
            "boneSpriteSizeX": 80.0,
            "boneSpriteSizeY": 70.0
        },
        {
            "creator_note": "14. Shadow234 - Shovel",
            "boneSpriteImageUrl": "https://raw.githubusercontent.com/Shadow234LOL/AustaleCollabSprites/main/ShovelFacingUP_20250718124428.png",
            "boneSpriteSizeX": 1000.0,
            "boneSpriteSizeY": 1000.0
        },
        {
            "creator_note": "15. Sansss - [[PLACEHOLDER]]",
            "boneSpriteImageUrl": "",
            "boneSpriteSizeX": 100.0,
            "boneSpriteSizeY": 100.0
        },
        {
            "creator_note": "16. Sansss - [[PLACEHOLDER]]",
            "boneSpriteImageUrl": "",
            "boneSpriteSizeX": 100.0,
            "boneSpriteSizeY": 100.0
        },
        {
            "creator_note": "17. Sansss - [[PLACEHOLDER]]",
            "boneSpriteImageUrl": "",
            "boneSpriteSizeX": 100.0,
            "boneSpriteSizeY": 100.0
        },
        {
            "creator_note": "18. Andrei - Knifes",
            "boneSpriteImageUrl": "https://raw.githubusercontent.com/S003234/-/main/negvert_knife.png",
            "boneSpriteSizeX": 15.0,
            "boneSpriteSizeY": 70.0
        },
        {
            "creator_note": "19. YaboiYEET - Gaster",
            "boneSpriteImageUrl": "https://raw.githubusercontent.com/YaboiYEET1353/songs-for-austale/main/GasterBlasterULBPhase1.png",
            "boneSpriteSizeX": 70.0,
            "boneSpriteSizeY": 50.0
        },
        {
            "creator_note": "20. Mot - Fake soul",
            "boneSpriteImageUrl": "https://raw.githubusercontent.com/Mottom12/Ro/main/Untitled%2003-01-2025%2004-55-37.png",
            "boneSpriteSizeX": 125.0,
            "boneSpriteSizeY": 125.0
        },
        {
            "creator_note": "21. Mot - Fake hp",
            "boneSpriteImageUrl": "https://raw.githubusercontent.com/Mottom12/Lol/main/Hp.png",
            "boneSpriteSizeX": 450.0,
            "boneSpriteSizeY": 450.0
        },
        {
            "creator_note": "22. Mot - Fake box",
            "boneSpriteImageUrl": "https://raw.githubusercontent.com/Mottom12/Lol/main/box2.png",
            "boneSpriteSizeX": 600.0,
            "boneSpriteSizeY": 600.0
        },
        {
            "creator_note": "23. AndreiBlaster",
            "boneSpriteImageUrl": "https://i.imgur.com/S9EJGEx.png",
            "boneSpriteSizeX": 70.0,
            "boneSpriteSizeY": 50.0
        },
        {
            "creator_note": "24. Shadow-WhiteSquare",
            "boneSpriteImageUrl": "https://raw.githubusercontent.com/Shadow234LOL/AustaleCollabSprites/main/WhiteSquare(250x250).png",
            "boneSpriteSizeX": 50.0,
            "boneSpriteSizeY": 50.0
        },
        {
            "creator_note": "25. Shadow-WRook",
            "boneSpriteImageUrl": "https://raw.githubusercontent.com/Shadow234LOL/AustaleCollabSprites/main/WhiteRookSprite.png",
            "boneSpriteSizeX": 50.0,
            "boneSpriteSizeY": 50.0
        },
        {
            "creator_note": "26. Shadow-BKnight",
            "boneSpriteImageUrl": "https://raw.githubusercontent.com/Shadow234LOL/AustaleCollabSprites/main/BlackKnightSprite.png",
            "boneSpriteSizeX": 50.0,
            "boneSpriteSizeY": 50.0
        },
        {
            "creator_note": "27. Shadow-Madotsuki Falling",
            "boneSpriteImageUrl": "https://raw.githubusercontent.com/Shadow234LOL/AustaleCollabSprites/main/1MadoSurvive.png",
            "boneSpriteSizeX": 40.0,
            "boneSpriteSizeY": 48.0
        },
        {
            "creator_note": "28. Shadow-Madotsuki Normal",
            "boneSpriteImageUrl": "https://raw.githubusercontent.com/Shadow234LOL/AustaleCollabSprites/main/1MadoNormal.png",
            "boneSpriteSizeX": 40.0,
            "boneSpriteSizeY": 48.0
        },
        {
            "creator_note": "29. Sansss - Рука Гастера 1",
            "boneSpriteImageUrl": "https://raw.githubusercontent.com/Shadow234LOL/SansssSprites/main/LeftG-Hand.png",
            "boneSpriteSizeX": 900.0,
            "boneSpriteSizeY": 900.0
        },
        {
            "creator_note": "30. Sansss - Рука Гастера 2",
            "boneSpriteImageUrl": "https://raw.githubusercontent.com/Shadow234LOL/SansssSprites/main/RightG-Hand.png",
            "boneSpriteSizeX": 900.0,
            "boneSpriteSizeY": 900.0
        },
        {
            "creator_note": "31. Sansss - Coolbone",
            "boneSpriteImageUrl": "https://raw.githubusercontent.com/SnightCoder/mod-songs/main/coolbone.png",
            "boneSpriteSizeX": 110.0,
            "boneSpriteSizeY": 110.0
        },
        {
            "creator_note": "32. Sansss - Трезубец Азгора",
            "boneSpriteImageUrl": "https://raw.githubusercontent.com/Shadow234LOL/SansssSprites/main/Untitled_06-07-2025_11-32-20.png",
            "boneSpriteSizeX": 104.0,
            "boneSpriteSizeY": 102.5
        },
        {
            "creator_note": "33. Sansss - Огонь",
            "boneSpriteImageUrl": "https://i.imgur.com/N1cNOKK.png",
            "boneSpriteSizeX": 100.0,
            "boneSpriteSizeY": 100.0
        },







        {
            "creator_note": "34. SpaceCapy - Sakuya UwU (→)",
            "boneSpriteImageUrl": "https://i.imgur.com/DchnbaX.png",
            "boneSpriteSizeX": 1024.0,
            "boneSpriteSizeY": 1024.0
        },
        {
            "creator_note": "35. SpaceCapy - Sakuya UwU (←)",
            "boneSpriteImageUrl": "https://i.imgur.com/OeoN0fA.png",
            "boneSpriteSizeX": 1024.0,
            "boneSpriteSizeY": 1024.0
        },
        {
            "creator_note": "36. SpaceCapy - Sakuya Knife",
            "boneSpriteImageUrl": "https://i.imgur.com/bPGTEQ0.png",
            "boneSpriteSizeX": 256.0,
            "boneSpriteSizeY": 128.0
        }
    ]
}