{
    "cirBone": [
      {
        "creator_note": "SpaceCapy",
        "indexATK": 9, "sprite_index": 9, "layer": 20, "startTime": 0.0,
        "center": { "x": -0.65, "y": 1.6 },
        "NumObjects": 4, "radius": 1.5, "AddDegree": 90, "timeSpawn": 0,
        "FollowPlayer": false, "KeepFollowPlayer": false,
        "randomDegree": false, "RandomDegreeValue": [ 0.0, 180.0 ],
        "degreeValue": 0,
        "scale": { "x": 0, "y": 0 },
        "color": 0,
        "NumObjectsClone": 0, "RadiusClone": 0.0,
        "BoneLookAtPlayer": false, "BoneRotate": 0,
        "inBox": false, "type": 0,
        "CloneCenterFollowPlayer": false, "ClonePosAutoAdd": { "x": 0, "y": 0 },
        "CoreOnly": true,
        "CoreposSetter": [
          { "newPos": { "x": 8, "y": 0 },
            "waitToBeEnabled": 0, "lerpTime": 3, "followPlayer": false },
          { "newPos": { "x": -8, "y": 0 },
            "waitToBeEnabled": 0, "lerpTime": 3, "followPlayer": false },
          { "newPos": { "x": 8, "y": 0 },
            "waitToBeEnabled": 0, "lerpTime": 3, "followPlayer": false },
          { "newPos": { "x": -8, "y": 0 },
            "waitToBeEnabled": 0, "lerpTime": 3, "followPlayer": false }
        ],
        "CorerosSetter": [
          { "rotateDegree": 1040, "waitToBeEnabled": 0, "lerpTime": 12, "lookAtPlayer": false }
        ],
        "waitToBeEnabled": 0,
        "scaleSetter": [
            { "newScale": { "x": 1, "y": 1 }, "waitToBeEnabled": 0.0, "lerpTime": 0.5 },
            { "newScale": { "x": 0, "y": 0 }, "waitToBeEnabled": 11, "lerpTime": 0.5 }
        ]
      },

      {
        "creator_note": "SpaceCapy",
        "indexATK": 9, "sprite_index": 8, "layer": 19, "startTime": 0.0,
        "center": { "x": 4.65, "y": 3.6 },
        "NumObjects": 1, "radius": 0, "AddDegree": 0, "timeSpawn": 0,
        "FollowPlayer": false, "KeepFollowPlayer": false,
        "randomDegree": false, "RandomDegreeValue": [ 0.0, 180.0 ],
        "degreeValue": 90,
        "scale": { "x": 1.8, "y": 1.6 },
        "color": 1,
        "NumObjectsClone": 9, "RadiusClone": 3,
        "BoneLookAtPlayer": false, "BoneRotate": 90,
        "inBox": true, "type": 0,
        "CloneCenterFollowPlayer": false, "ClonePosAutoAdd": { "x": 0, "y": 0 },
        "CoreOnly": true,
        "CoreposSetter": [
          { "newPos": { "x": 0, "y": -90 },
            "waitToBeEnabled": 0, "lerpTime": 40, "followPlayer": false }
        ],
        "waitToBeEnabled": 0,
        "colorSetter": [
            { "color": 2, "waitToBeChanged": 11.0 },
            { "color": 0, "waitToBeChanged": 1 }
        ]
      },
      {
        "creator_note": "SpaceCapy",
        "indexATK": 9, "sprite_index": 8, "layer": 19, "startTime": 0.0,
        "center": { "x": 2.05, "y": -0.4 },
        "NumObjects": 1, "radius": 0, "AddDegree": 0, "timeSpawn": 0,
        "FollowPlayer": false, "KeepFollowPlayer": false,
        "randomDegree": false, "RandomDegreeValue": [ 0.0, 180.0 ],
        "degreeValue": -90,
        "scale": { "x": 1.8, "y": 1.6 },
        "color": 1,
        "NumObjectsClone": 9, "RadiusClone": 3,
        "BoneLookAtPlayer": false, "BoneRotate": 90,
        "inBox": true, "type": 0,
        "CloneCenterFollowPlayer": false, "ClonePosAutoAdd": { "x": 0, "y": 0 },
        "CoreOnly": true,
        "CoreposSetter": [
          { "newPos": { "x": 0, "y": 90 },
            "waitToBeEnabled": 0, "lerpTime": 40, "followPlayer": false }
        ],
        "waitToBeEnabled": 0,
        "colorSetter": [
            { "color": 2, "waitToBeChanged": 11.0 },
            { "color": 0, "waitToBeChanged": 1 }
        ]
      },

      {
        "creator_note": "SpaceCapy",
        "indexATK": 9, "sprite_index": 36, "layer": 20, "startTime": 12,
        "center": { "x": 3.35, "y": 1.61 },
        "NumObjects": 3, "radius": 7, "AddDegree": 10, "timeSpawn": 0,
        "FollowPlayer": true, "KeepFollowPlayer": true,
        "randomDegree": false, "RandomDegreeValue": [ 0.0, 180.0 ],
        "degreeValue": 0,
        "scale": { "x": 0.3, "y": 1.5 },
        "color": 0,
        "NumObjectsClone": 0, "RadiusClone": 0,
        "BoneLookAtPlayer": false, "BoneRotate": 0,
        "inBox": false, "type": 0,
        "CloneCenterFollowPlayer": false, "ClonePosAutoAdd": { "x": 0, "y": 0 },
        "CoreOnly": false,
        "waitToBeEnabled": 0,
        "BoneLookAtCenter": true,
        "posSetter": [
          { "newPos": { "x": -8, "y": -8 },
            "waitToBeEnabled": 0, "lerpTime": 0.5, "followPlayer": false, "moveUp": true },
          { "newPos": { "x": -7.5, "y": -7.5 },
            "waitToBeEnabled": 0.5, "lerpTime": 0.5, "followPlayer": false, "moveUp": true },
          { "newPos": { "x": -28, "y": -28 },
            "waitToBeEnabled": 0.1, "lerpTime": 2, "followPlayer": false, "moveUp": true }
        ]
      },
      {
        "creator_note": "SpaceCapy",
        "indexATK": 9, "sprite_index": 36, "layer": 20, "startTime": 13,
        "center": { "x": 3.35, "y": 1.61 },
        "NumObjects": 5, "radius": 7, "AddDegree": 10, "timeSpawn": 0,
        "FollowPlayer": true, "KeepFollowPlayer": true,
        "randomDegree": false, "RandomDegreeValue": [ 0.0, 180.0 ],
        "degreeValue": 80,
        "scale": { "x": 0.3, "y": 1.5 },
        "color": 0,
        "NumObjectsClone": 0, "RadiusClone": 0,
        "BoneLookAtPlayer": false, "BoneRotate": 0,
        "inBox": false, "type": 0,
        "CloneCenterFollowPlayer": false, "ClonePosAutoAdd": { "x": 0, "y": 0 },
        "CoreOnly": false,
        "waitToBeEnabled": 0,
        "BoneLookAtCenter": true,
        "posSetter": [
          { "newPos": { "x": -8, "y": -8 },
            "waitToBeEnabled": 0, "lerpTime": 0.5, "followPlayer": false, "moveUp": true },
          { "newPos": { "x": -7.5, "y": -7.5 },
            "waitToBeEnabled": 0.5, "lerpTime": 0.5, "followPlayer": false, "moveUp": true },
          { "newPos": { "x": -28, "y": -28 },
            "waitToBeEnabled": 0.1, "lerpTime": 2, "followPlayer": false, "moveUp": true }
        ]
      },
      {
        "creator_note": "SpaceCapy",
        "indexATK": 9, "sprite_index": 36, "layer": 20, "startTime": 14,
        "center": { "x": 3.35, "y": 1.61 },
        "NumObjects": 3, "radius": 7, "AddDegree": 10, "timeSpawn": 0,
        "FollowPlayer": true, "KeepFollowPlayer": true,
        "randomDegree": false, "RandomDegreeValue": [ 0.0, 180.0 ],
        "degreeValue": 240,
        "scale": { "x": 0.3, "y": 1.5 },
        "color": 0,
        "NumObjectsClone": 0, "RadiusClone": 0,
        "BoneLookAtPlayer": false, "BoneRotate": 0,
        "inBox": false, "type": 0,
        "CloneCenterFollowPlayer": false, "ClonePosAutoAdd": { "x": 0, "y": 0 },
        "CoreOnly": false,
        "waitToBeEnabled": 0,
        "BoneLookAtCenter": true,
        "posSetter": [
          { "newPos": { "x": -8, "y": -8 },
            "waitToBeEnabled": 0, "lerpTime": 0.5, "followPlayer": false, "moveUp": true },
          { "newPos": { "x": -7.5, "y": -7.5 },
            "waitToBeEnabled": 0.5, "lerpTime": 0.5, "followPlayer": false, "moveUp": true },
          { "newPos": { "x": -28, "y": -28 },
            "waitToBeEnabled": 0.1, "lerpTime": 2, "followPlayer": false, "moveUp": true }
        ]
      },
      {
        "creator_note": "SpaceCapy",
        "indexATK": 9, "sprite_index": 36, "layer": 20, "startTime": 15,
        "center": { "x": 3.35, "y": 1.61 },
        "NumObjects": 4, "radius": 7, "AddDegree": 10, "timeSpawn": 0,
        "FollowPlayer": true, "KeepFollowPlayer": true,
        "randomDegree": false, "RandomDegreeValue": [ 0.0, 180.0 ],
        "degreeValue": 50,
        "scale": { "x": 0.3, "y": 1.5 },
        "color": 0,
        "NumObjectsClone": 0, "RadiusClone": 0,
        "BoneLookAtPlayer": false, "BoneRotate": 0,
        "inBox": false, "type": 0,
        "CloneCenterFollowPlayer": false, "ClonePosAutoAdd": { "x": 0, "y": 0 },
        "CoreOnly": false,
        "waitToBeEnabled": 0,
        "BoneLookAtCenter": true,
        "posSetter": [
          { "newPos": { "x": -8, "y": -8 },
            "waitToBeEnabled": 0, "lerpTime": 0.5, "followPlayer": false, "moveUp": true },
          { "newPos": { "x": -7.5, "y": -7.5 },
            "waitToBeEnabled": 0.5, "lerpTime": 0.5, "followPlayer": false, "moveUp": true },
          { "newPos": { "x": -28, "y": -28 },
            "waitToBeEnabled": 0.1, "lerpTime": 2, "followPlayer": false, "moveUp": true }
        ]
      },
      {
        "creator_note": "SpaceCapy",
        "indexATK": 9, "sprite_index": 36, "layer": 20, "startTime": 16,
        "center": { "x": 3.35, "y": 1.61 },
        "NumObjects": 5, "radius": 7, "AddDegree": 10, "timeSpawn": 0,
        "FollowPlayer": true, "KeepFollowPlayer": true,
        "randomDegree": false, "RandomDegreeValue": [ 0.0, 180.0 ],
        "degreeValue": 200,
        "scale": { "x": 0.3, "y": 1.5 },
        "color": 0,
        "NumObjectsClone": 0, "RadiusClone": 0,
        "BoneLookAtPlayer": false, "BoneRotate": 0,
        "inBox": false, "type": 0,
        "CloneCenterFollowPlayer": false, "ClonePosAutoAdd": { "x": 0, "y": 0 },
        "CoreOnly": false,
        "waitToBeEnabled": 0,
        "BoneLookAtCenter": true,
        "posSetter": [
          { "newPos": { "x": -8, "y": -8 },
            "waitToBeEnabled": 0, "lerpTime": 0.5, "followPlayer": false, "moveUp": true },
          { "newPos": { "x": -7.5, "y": -7.5 },
            "waitToBeEnabled": 0.5, "lerpTime": 0.5, "followPlayer": false, "moveUp": true },
          { "newPos": { "x": -28, "y": -28 },
            "waitToBeEnabled": 0.1, "lerpTime": 2, "followPlayer": false, "moveUp": true }
        ]
      },
      {
        "creator_note": "SpaceCapy",
        "indexATK": 9, "sprite_index": 36, "layer": 20, "startTime": 17,
        "center": { "x": 3.35, "y": 1.61 },
        "NumObjects": 3, "radius": 7, "AddDegree": 10, "timeSpawn": 0,
        "FollowPlayer": true, "KeepFollowPlayer": true,
        "randomDegree": false, "RandomDegreeValue": [ 0.0, 180.0 ],
        "degreeValue": 120,
        "scale": { "x": 0.3, "y": 1.5 },
        "color": 0,
        "NumObjectsClone": 0, "RadiusClone": 0,
        "BoneLookAtPlayer": false, "BoneRotate": 0,
        "inBox": false, "type": 0,
        "CloneCenterFollowPlayer": false, "ClonePosAutoAdd": { "x": 0, "y": 0 },
        "CoreOnly": false,
        "waitToBeEnabled": 0,
        "BoneLookAtCenter": true,
        "posSetter": [
          { "newPos": { "x": -8, "y": -8 },
            "waitToBeEnabled": 0, "lerpTime": 0.5, "followPlayer": false, "moveUp": true },
          { "newPos": { "x": -7.5, "y": -7.5 },
            "waitToBeEnabled": 0.5, "lerpTime": 0.5, "followPlayer": false, "moveUp": true },
          { "newPos": { "x": -28, "y": -28 },
            "waitToBeEnabled": 0.1, "lerpTime": 2, "followPlayer": false, "moveUp": true }
        ]
      },
      {
        "creator_note": "SpaceCapy",
        "indexATK": 9, "sprite_index": 36, "layer": 20, "startTime": 18,
        "center": { "x": 3.35, "y": 1.61 },
        "NumObjects": 6, "radius": 7, "AddDegree": 10, "timeSpawn": 0,
        "FollowPlayer": true, "KeepFollowPlayer": true,
        "randomDegree": false, "RandomDegreeValue": [ 0.0, 180.0 ],
        "degreeValue": 60,
        "scale": { "x": 0.3, "y": 1.5 },
        "color": 0,
        "NumObjectsClone": 0, "RadiusClone": 0,
        "BoneLookAtPlayer": false, "BoneRotate": 0,
        "inBox": false, "type": 0,
        "CloneCenterFollowPlayer": false, "ClonePosAutoAdd": { "x": 0, "y": 0 },
        "CoreOnly": false,
        "waitToBeEnabled": 0,
        "BoneLookAtCenter": true,
        "posSetter": [
          { "newPos": { "x": -8, "y": -8 },
            "waitToBeEnabled": 0, "lerpTime": 0.5, "followPlayer": false, "moveUp": true },
          { "newPos": { "x": -7.5, "y": -7.5 },
            "waitToBeEnabled": 0.5, "lerpTime": 0.5, "followPlayer": false, "moveUp": true },
          { "newPos": { "x": -28, "y": -28 },
            "waitToBeEnabled": 0.1, "lerpTime": 2, "followPlayer": false, "moveUp": true }
        ]
      },

      {
        "creator_note": "SpaceCapy",
        "indexATK": 9, "sprite_index": 8, "layer": 20, "startTime": 23.5,
        "center": { "x": 8.35, "y": 1.8 },
        "NumObjects": 1, "radius": 0, "AddDegree": 0, "timeSpawn": 0,
        "FollowPlayer": false, "KeepFollowPlayer": false,
        "randomDegree": false, "RandomDegreeValue": [ 0.0, 180.0 ],
        "degreeValue": 0,
        "scale": { "x": 1.8, "y": 1.6 },
        "color": 0,
        "NumObjectsClone": 8, "RadiusClone": 2,
        "BoneLookAtPlayer": false, "BoneRotate": 0,
        "inBox": true, "type": 0,
        "CloneCenterFollowPlayer": false, "ClonePosAutoAdd": { "x": 0, "y": 0 },
        "CoreOnly": true,
        "CoreposSetter": [
          { "newPos": { "x": -60, "y": 0 },
            "waitToBeEnabled": 0, "lerpTime": 20, "followPlayer": false }
        ],
        "waitToBeEnabled": 0
      },
      {
        "creator_note": "SpaceCapy",
        "indexATK": 9, "sprite_index": 36, "layer": 19, "startTime": 23.5,
        "center": { "x": -2.65, "y": 0.2 },
        "NumObjects": 1, "radius": 0, "AddDegree": 0, "timeSpawn": 0,
        "FollowPlayer": false, "KeepFollowPlayer": false,
        "randomDegree": false, "RandomDegreeValue": [ 0.0, 180.0 ],
        "degreeValue": 180,
        "scale": { "x": 0.2, "y": 1.4 },
        "color": 0,
        "NumObjectsClone": 10, "RadiusClone": 2,
        "BoneLookAtPlayer": false, "BoneRotate": 180,
        "inBox": true, "type": 0,
        "CloneCenterFollowPlayer": false, "ClonePosAutoAdd": { "x": 0, "y": 0 },
        "CoreOnly": true,
        "CoreposSetter": [
          { "newPos": { "x": 60, "y": 0 },
            "waitToBeEnabled": 0, "lerpTime": 17.5, "followPlayer": false }
        ],
        "waitToBeEnabled": 0
      },

      {
        "creator_note": "SpaceCapy",
        "indexATK": 9, "sprite_index": 36, "layer": 19, "startTime": 30,
        "center": { "x": -2.65, "y": 0.9 },
        "NumObjects": 1, "radius": 0, "AddDegree": 0, "timeSpawn": 0,
        "FollowPlayer": false, "KeepFollowPlayer": false,
        "randomDegree": false, "RandomDegreeValue": [ 0.0, 180.0 ],
        "degreeValue": 180,
        "scale": { "x": 0.2, "y": 1.3 },
        "color": 0,
        "NumObjectsClone": 10, "RadiusClone": 1.5,
        "BoneLookAtPlayer": false, "BoneRotate": 180,
        "inBox": true, "type": 0,
        "CloneCenterFollowPlayer": false, "ClonePosAutoAdd": { "x": 0, "y": 0 },
        "CoreOnly": true,
        "CoreposSetter": [
          { "newPos": { "x": 55, "y": 0 },
            "waitToBeEnabled": 0.0, "lerpTime": 17.5, "followPlayer": false }
        ],
        "waitToBeEnabled": 0
      },
      {
        "creator_note": "SpaceCapy",
        "indexATK": 9, "sprite_index": 36, "layer": 19, "startTime": 30,
        "center": { "x": 9.65, "y": 2.3 },
        "NumObjects": 1, "radius": 0, "AddDegree": 0, "timeSpawn": 0,
        "FollowPlayer": false, "KeepFollowPlayer": false,
        "randomDegree": false, "RandomDegreeValue": [ 0.0, 180.0 ],
        "degreeValue": 0,
        "scale": { "x": 0.2, "y": 1.3 },
        "color": 0,
        "NumObjectsClone": 10, "RadiusClone": 1.5,
        "BoneLookAtPlayer": false, "BoneRotate": 0,
        "inBox": true, "type": 0,
        "CloneCenterFollowPlayer": false, "ClonePosAutoAdd": { "x": 0, "y": 0 },
        "CoreOnly": true,
        "CoreposSetter": [
          { "newPos": { "x": -55, "y": 0 },
            "waitToBeEnabled": 0.0, "lerpTime": 17.5, "followPlayer": false }
        ],
        "waitToBeEnabled": 0
      },



      {
      "creator_note": "SpaceCapy (auto generated code)",
      "indexATK": 9, "startTime": 62, "sprite_index": 36, "layer": 22,
      "center": { "x": 3.7825805945090534, "y": 1.9478467848036953 },
      "NumObjects": 4, "radius": 8, "AddDegree": 90,
      "scale": { "x": 0.3, "y": 1.5 },
      "CoreOnly": true, "BoneLookAtCenter": true, "BoneRotate": 0, "inBox": false, "type": 0,
      "posSetter": [ { "newPos": { "x": -36, "y": -36 }, "waitToBeEnabled": 0.0, "lerpTime": 2, "moveUp": true } ]
    },
    {
      "creator_note": "SpaceCapy (auto generated code)",
      "indexATK": 9, "startTime": 62.5, "sprite_index": 36, "layer": 22,
      "center": { "x": 5.089157496968723, "y": 2.3561583533599078 },
      "NumObjects": 4, "radius": 8, "AddDegree": 90,
      "scale": { "x": 0.3, "y": 1.5 },
      "CoreOnly": true, "BoneLookAtCenter": true, "BoneRotate": 0, "inBox": false, "type": 0,
      "posSetter": [ { "newPos": { "x": -36, "y": -36 }, "waitToBeEnabled": 0.0, "lerpTime": 2, "moveUp": true } ]
    },
    {
      "creator_note": "SpaceCapy (auto generated code)",
      "indexATK": 9, "startTime": 63.0, "sprite_index": 36, "layer": 22,
      "center": { "x": 5.274595181649175, "y": 3.022475242356145 },
      "NumObjects": 4, "radius": 8, "AddDegree": 90,
      "scale": { "x": 0.3, "y": 1.5 },
      "CoreOnly": true, "BoneLookAtCenter": true, "BoneRotate": 0, "inBox": false, "type": 0,
      "posSetter": [ { "newPos": { "x": -36, "y": -36 }, "waitToBeEnabled": 0.0, "lerpTime": 2, "moveUp": true } ]
    },
    {
      "creator_note": "SpaceCapy (auto generated code)",
      "indexATK": 9, "startTime": 63.5, "sprite_index": 36, "layer": 22,
      "center": { "x": 0.42511609014859586, "y": 2.3072799739097487 },
      "NumObjects": 4, "radius": 8, "AddDegree": 90,
      "scale": { "x": 0.3, "y": 1.5 },
      "CoreOnly": true, "BoneLookAtCenter": true, "BoneRotate": 0, "inBox": false, "type": 0,
      "posSetter": [ { "newPos": { "x": -36, "y": -36 }, "waitToBeEnabled": 0.0, "lerpTime": 2, "moveUp": true } ]
    },
    {
      "creator_note": "SpaceCapy (auto generated code)",
      "indexATK": 9, "startTime": 64.0, "sprite_index": 36, "layer": 22,
      "center": { "x": 2.459040173615563, "y": 2.8210899102420215 },
      "NumObjects": 4, "radius": 8, "AddDegree": 90,
      "scale": { "x": 0.3, "y": 1.5 },
      "CoreOnly": true, "BoneLookAtCenter": true, "BoneRotate": 0, "inBox": false, "type": 0,
      "posSetter": [ { "newPos": { "x": -36, "y": -36 }, "waitToBeEnabled": 0.0, "lerpTime": 2, "moveUp": true } ]
    },
    {
      "creator_note": "SpaceCapy (auto generated code)",
      "indexATK": 9, "startTime": 64.5, "sprite_index": 36, "layer": 22,
      "center": { "x": 5.802324526244567, "y": 2.6960280443457174 },
      "NumObjects": 4, "radius": 8, "AddDegree": 90,
      "scale": { "x": 0.3, "y": 1.5 },
      "CoreOnly": true, "BoneLookAtCenter": true, "BoneRotate": 0, "inBox": false, "type": 0,
      "posSetter": [ { "newPos": { "x": -36, "y": -36 }, "waitToBeEnabled": 0.0, "lerpTime": 2, "moveUp": true } ]
    },
    {
      "creator_note": "SpaceCapy (auto generated code)",
      "indexATK": 9, "startTime": 65.0, "sprite_index": 36, "layer": 22,
      "center": { "x": 5.783737674747271, "y": 2.2229010672900333 },
      "NumObjects": 4, "radius": 8, "AddDegree": 90,
      "scale": { "x": 0.3, "y": 1.5 },
      "CoreOnly": true, "BoneLookAtCenter": true, "BoneRotate": 0, "inBox": false, "type": 0,
      "posSetter": [ { "newPos": { "x": -36, "y": -36 }, "waitToBeEnabled": 0.0, "lerpTime": 2, "moveUp": true } ]
    },
    {
      "creator_note": "SpaceCapy (auto generated code)",
      "indexATK": 9, "startTime": 65.5, "sprite_index": 36, "layer": 22,
      "center": { "x": 3.9117466841768245, "y": 1.8704498266160987 },
      "NumObjects": 4, "radius": 8, "AddDegree": 90,
      "scale": { "x": 0.3, "y": 1.5 },
      "CoreOnly": true, "BoneLookAtCenter": true, "BoneRotate": 0, "inBox": false, "type": 0,
      "posSetter": [ { "newPos": { "x": -36, "y": -36 }, "waitToBeEnabled": 0.0, "lerpTime": 2, "moveUp": true } ]
    },
    {
      "creator_note": "SpaceCapy (auto generated code)",
      "indexATK": 9, "startTime": 66.0, "sprite_index": 36, "layer": 22,
      "center": { "x": 4.002017811005744, "y": 1.6799470610219749 },
      "NumObjects": 4, "radius": 8, "AddDegree": 90,
      "scale": { "x": 0.3, "y": 1.5 },
      "CoreOnly": true, "BoneLookAtCenter": true, "BoneRotate": 0, "inBox": false, "type": 0,
      "posSetter": [ { "newPos": { "x": -36, "y": -36 }, "waitToBeEnabled": 0.0, "lerpTime": 2, "moveUp": true } ]
    },
    {
      "creator_note": "SpaceCapy (auto generated code)",
      "indexATK": 9, "startTime": 66.5, "sprite_index": 36, "layer": 22,
      "center": { "x": 5.504831288462797, "y": 2.39036617485544 },
      "NumObjects": 4, "radius": 8, "AddDegree": 90,
      "scale": { "x": 0.3, "y": 1.5 },
      "CoreOnly": true, "BoneLookAtCenter": true, "BoneRotate": 0, "inBox": false, "type": 0,
      "posSetter": [ { "newPos": { "x": -36, "y": -36 }, "waitToBeEnabled": 0.0, "lerpTime": 2, "moveUp": true } ]
    },
    {
      "creator_note": "SpaceCapy (auto generated code)",
      "indexATK": 9, "startTime": 67.0, "sprite_index": 36, "layer": 22,
      "center": { "x": 5.840187732198431, "y": 1.7789999537847005 },
      "NumObjects": 4, "radius": 8, "AddDegree": 90,
      "scale": { "x": 0.3, "y": 1.5 },
      "CoreOnly": true, "BoneLookAtCenter": true, "BoneRotate": 0, "inBox": false, "type": 0,
      "posSetter": [ { "newPos": { "x": -36, "y": -36 }, "waitToBeEnabled": 0.0, "lerpTime": 2, "moveUp": true } ]
    },
    {
      "creator_note": "SpaceCapy (auto generated code)",
      "indexATK": 9, "startTime": 67.5, "sprite_index": 36, "layer": 22,
      "center": { "x": 1.904567325726338, "y": 2.024763815699666 },
      "NumObjects": 4, "radius": 8, "AddDegree": 90,
      "scale": { "x": 0.3, "y": 1.5 },
      "CoreOnly": true, "BoneLookAtCenter": true, "BoneRotate": 0, "inBox": false, "type": 0,
      "posSetter": [ { "newPos": { "x": -36, "y": -36 }, "waitToBeEnabled": 0.0, "lerpTime": 2, "moveUp": true } ]
    },
    {
      "creator_note": "SpaceCapy (auto generated code)",
      "indexATK": 9, "startTime": 68.0, "sprite_index": 36, "layer": 22,
      "center": { "x": 1.453174505388401, "y": 1.7511576984742008 },
      "NumObjects": 4, "radius": 8, "AddDegree": 90,
      "scale": { "x": 0.3, "y": 1.5 },
      "CoreOnly": true, "BoneLookAtCenter": true, "BoneRotate": 0, "inBox": false, "type": 0,
      "posSetter": [ { "newPos": { "x": -36, "y": -36 }, "waitToBeEnabled": 0.0, "lerpTime": 2, "moveUp": true } ]
    },
    {
      "creator_note": "SpaceCapy (auto generated code)",
      "indexATK": 9, "startTime": 68.5, "sprite_index": 36, "layer": 22,
      "center": { "x": 5.186862875697425, "y": 1.6029861011683773 },
      "NumObjects": 4, "radius": 8, "AddDegree": 90,
      "scale": { "x": 0.3, "y": 1.5 },
      "CoreOnly": true, "BoneLookAtCenter": true, "BoneRotate": 0, "inBox": false, "type": 0,
      "posSetter": [ { "newPos": { "x": -36, "y": -36 }, "waitToBeEnabled": 0.0, "lerpTime": 2, "moveUp": true } ]
    },
    {
      "creator_note": "SpaceCapy (auto generated code)",
      "indexATK": 9, "startTime": 69.0, "sprite_index": 36, "layer": 22,
      "center": { "x": 3.9123821415374826, "y": 1.6745152121979205 },
      "NumObjects": 4, "radius": 8, "AddDegree": 90,
      "scale": { "x": 0.3, "y": 1.5 },
      "CoreOnly": true, "BoneLookAtCenter": true, "BoneRotate": 0, "inBox": false, "type": 0,
      "posSetter": [ { "newPos": { "x": -36, "y": -36 }, "waitToBeEnabled": 0.0, "lerpTime": 2, "moveUp": true } ]
    },
    {
      "creator_note": "SpaceCapy (auto generated code)",
      "indexATK": 9, "startTime": 69.5, "sprite_index": 36, "layer": 22,
      "center": { "x": 3.4819038878122437, "y": 1.6645188276459968 },
      "NumObjects": 4, "radius": 8, "AddDegree": 90,
      "scale": { "x": 0.3, "y": 1.5 },
      "CoreOnly": true, "BoneLookAtCenter": true, "BoneRotate": 0, "inBox": false, "type": 0,
      "posSetter": [ { "newPos": { "x": -36, "y": -36 }, "waitToBeEnabled": 0.0, "lerpTime": 2, "moveUp": true } ]
    },
    {
      "creator_note": "SpaceCapy (auto generated code)",
      "indexATK": 9, "startTime": 70.0, "sprite_index": 36, "layer": 22,
      "center": { "x": 4.005098237888042, "y": 2.9092556613177076 },
      "NumObjects": 4, "radius": 8, "AddDegree": 90,
      "scale": { "x": 0.3, "y": 1.5 },
      "CoreOnly": true, "BoneLookAtCenter": true, "BoneRotate": 0, "inBox": false, "type": 0,
      "posSetter": [ { "newPos": { "x": -36, "y": -36 }, "waitToBeEnabled": 0.0, "lerpTime": 2, "moveUp": true } ]
    },



      {
        "creator_note": "SpaceCapy",
        "indexATK": 9, "sprite_index": 36, "layer": 19, "startTime": 78,
        "center": { "x": 2.35, "y": 9 },
        "NumObjects": 1, "radius": 0, "AddDegree": 0, "timeSpawn": 0,
        "FollowPlayer": false, "KeepFollowPlayer": false,
        "randomDegree": false, "RandomDegreeValue": [ 0.0, 180.0 ],
        "degreeValue": 90,
        "scale": { "x": 0.2, "y": 1 },
        "color": 0,
        "NumObjectsClone": 28, "RadiusClone": 2,
        "BoneLookAtPlayer": false, "BoneRotate": 0,
        "inBox": false, "type": 0,
        "CloneCenterFollowPlayer": false, "ClonePosAutoAdd": { "x": 0, "y": 0 },
        "CoreOnly": true,
        "CoreposSetter": [
          { "newPos": { "x": 0, "y": -128 },
            "waitToBeEnabled": 0, "lerpTime": 36, "followPlayer": false }
        ],
        "waitToBeEnabled": 0
      },
      {
        "creator_note": "SpaceCapy",
        "indexATK": 9, "sprite_index": 36, "layer": 19, "startTime": 78,
        "center": { "x": 4.35, "y": 9 },
        "NumObjects": 1, "radius": 0, "AddDegree": 0, "timeSpawn": 0,
        "FollowPlayer": false, "KeepFollowPlayer": false,
        "randomDegree": false, "RandomDegreeValue": [ 0.0, 180.0 ],
        "degreeValue": 90,
        "scale": { "x": 0.2, "y": 1 },
        "color": 0,
        "NumObjectsClone": 28, "RadiusClone": 2,
        "BoneLookAtPlayer": false, "BoneRotate": 0,
        "inBox": false, "type": 0,
        "CloneCenterFollowPlayer": false, "ClonePosAutoAdd": { "x": 0, "y": 0 },
        "CoreOnly": true,
        "CoreposSetter": [
          { "newPos": { "x": 0, "y": -128 },
            "waitToBeEnabled": 0, "lerpTime": 36, "followPlayer": false }
        ],
        "waitToBeEnabled": 0
      },




      {
        "creator_note": "SpaceCapy",
        "indexATK": 9, "sprite_index": 36, "startTime": 100,
        "center": { "x": 3.35, "y": 1.6 },
        "NumObjects": 4, "radius": 7, "AddDegree": 90, "timeSpawn": 0,
        "FollowPlayer": false, "KeepFollowPlayer": false,
        "randomDegree": false, "RandomDegreeValue": [ 0.0, 180.0 ],
        "degreeValue": 10,
        "scale": { "x": 0.2, "y": 1.5 },
        "color": 0,
        "NumObjectsClone": 0, "RadiusClone": 0,
        "BoneLookAtPlayer": false, "BoneRotate": 0,
        "inBox": true, "type": 0,
        "CloneCenterFollowPlayer": false, "ClonePosAutoAdd": { "x": 0, "y": 0 },
        "CoreOnly": false,
        "waitToBeEnabled": 0,
        "BoneLookAtCenter": true,
        "posSetter": [
          { "newPos": { "x": -11.5, "y": -11.5 },
            "waitToBeEnabled": 0, "lerpTime": 0.4, "followPlayer": false, "moveUp": true },
          { "newPos": { "x": -11.2, "y": -11.2 },
            "waitToBeEnabled": 0.5, "lerpTime": 0.2, "followPlayer": false, "moveUp": true },
          { "newPos": { "x": -28, "y": -28 },
            "waitToBeEnabled": 0.1, "lerpTime": 2, "followPlayer": false, "moveUp": true }
        ]
      },
      {
        "creator_note": "SpaceCapy",
        "indexATK": 9, "sprite_index": 36, "startTime": 101,
        "center": { "x": 3.35, "y": 1.6 },
        "NumObjects": 4, "radius": 7, "AddDegree": 90, "timeSpawn": 0,
        "FollowPlayer": false, "KeepFollowPlayer": false,
        "randomDegree": false, "RandomDegreeValue": [ 0.0, 180.0 ],
        "degreeValue": 30,
        "scale": { "x": 0.2, "y": 1.5 },
        "color": 0,
        "NumObjectsClone": 0, "RadiusClone": 0,
        "BoneLookAtPlayer": false, "BoneRotate": 0,
        "inBox": true, "type": 0,
        "CloneCenterFollowPlayer": false, "ClonePosAutoAdd": { "x": 0, "y": 0 },
        "CoreOnly": false,
        "waitToBeEnabled": 0,
        "BoneLookAtCenter": true,
        "posSetter": [
          { "newPos": { "x": -11.5, "y": -11.5 },
            "waitToBeEnabled": 0, "lerpTime": 0.4, "followPlayer": false, "moveUp": true },
          { "newPos": { "x": -11.2, "y": -11.2 },
            "waitToBeEnabled": 0.5, "lerpTime": 0.2, "followPlayer": false, "moveUp": true },
          { "newPos": { "x": -28, "y": -28 },
            "waitToBeEnabled": 0.1, "lerpTime": 2, "followPlayer": false, "moveUp": true }
        ]
      },
      {
        "creator_note": "SpaceCapy",
        "indexATK": 9, "sprite_index": 36, "startTime": 102,
        "center": { "x": 3.35, "y": 1.6 },
        "NumObjects": 4, "radius": 7, "AddDegree": 90, "timeSpawn": 0,
        "FollowPlayer": false, "KeepFollowPlayer": false,
        "randomDegree": false, "RandomDegreeValue": [ 0.0, 180.0 ],
        "degreeValue": 5,
        "scale": { "x": 0.2, "y": 1.5 },
        "color": 0,
        "NumObjectsClone": 0, "RadiusClone": 0,
        "BoneLookAtPlayer": false, "BoneRotate": 0,
        "inBox": true, "type": 0,
        "CloneCenterFollowPlayer": false, "ClonePosAutoAdd": { "x": 0, "y": 0 },
        "CoreOnly": false,
        "waitToBeEnabled": 0,
        "BoneLookAtCenter": true,
        "posSetter": [
          { "newPos": { "x": -11.5, "y": -11.5 },
            "waitToBeEnabled": 0, "lerpTime": 0.4, "followPlayer": false, "moveUp": true },
          { "newPos": { "x": -11.2, "y": -11.2 },
            "waitToBeEnabled": 0.5, "lerpTime": 0.2, "followPlayer": false, "moveUp": true },
          { "newPos": { "x": -28, "y": -28 },
            "waitToBeEnabled": 0.1, "lerpTime": 2, "followPlayer": false, "moveUp": true }
        ]
      },
      {
        "creator_note": "SpaceCapy",
        "indexATK": 9, "sprite_index": 36, "startTime": 103,
        "center": { "x": 3.35, "y": 1.6 },
        "NumObjects": 4, "radius": 7, "AddDegree": 90, "timeSpawn": 0,
        "FollowPlayer": false, "KeepFollowPlayer": false,
        "randomDegree": false, "RandomDegreeValue": [ 0.0, 180.0 ],
        "degreeValue": 40,
        "scale": { "x": 0.2, "y": 1.5 },
        "color": 0,
        "NumObjectsClone": 0, "RadiusClone": 0,
        "BoneLookAtPlayer": false, "BoneRotate": 0,
        "inBox": true, "type": 0,
        "CloneCenterFollowPlayer": false, "ClonePosAutoAdd": { "x": 0, "y": 0 },
        "CoreOnly": false,
        "waitToBeEnabled": 0,
        "BoneLookAtCenter": true,
        "posSetter": [
          { "newPos": { "x": -11.5, "y": -11.5 },
            "waitToBeEnabled": 0, "lerpTime": 0.4, "followPlayer": false, "moveUp": true },
          { "newPos": { "x": -11.2, "y": -11.2 },
            "waitToBeEnabled": 0.5, "lerpTime": 0.2, "followPlayer": false, "moveUp": true },
          { "newPos": { "x": -28, "y": -28 },
            "waitToBeEnabled": 0.1, "lerpTime": 2, "followPlayer": false, "moveUp": true }
        ]
      },
      {
        "creator_note": "SpaceCapy",
        "indexATK": 9, "sprite_index": 36, "startTime": 104,
        "center": { "x": 3.35, "y": 1.6 },
        "NumObjects": 4, "radius": 7, "AddDegree": 90, "timeSpawn": 0,
        "FollowPlayer": false, "KeepFollowPlayer": false,
        "randomDegree": false, "RandomDegreeValue": [ 0.0, 180.0 ],
        "degreeValue": 20,
        "scale": { "x": 0.2, "y": 1.5 },
        "color": 0,
        "NumObjectsClone": 0, "RadiusClone": 0,
        "BoneLookAtPlayer": false, "BoneRotate": 0,
        "inBox": true, "type": 0,
        "CloneCenterFollowPlayer": false, "ClonePosAutoAdd": { "x": 0, "y": 0 },
        "CoreOnly": false,
        "waitToBeEnabled": 0,
        "BoneLookAtCenter": true,
        "posSetter": [
          { "newPos": { "x": -11.5, "y": -11.5 },
            "waitToBeEnabled": 0, "lerpTime": 0.4, "followPlayer": false, "moveUp": true },
          { "newPos": { "x": -11.2, "y": -11.2 },
            "waitToBeEnabled": 0.5, "lerpTime": 0.2, "followPlayer": false, "moveUp": true },
          { "newPos": { "x": -28, "y": -28 },
            "waitToBeEnabled": 0.1, "lerpTime": 2, "followPlayer": false, "moveUp": true }
        ]
      },
      {
        "creator_note": "SpaceCapy",
        "indexATK": 9, "sprite_index": 36, "startTime": 105,
        "center": { "x": 3.35, "y": 1.6 },
        "NumObjects": 4, "radius": 7, "AddDegree": 90, "timeSpawn": 0,
        "FollowPlayer": false, "KeepFollowPlayer": false,
        "randomDegree": false, "RandomDegreeValue": [ 0.0, 180.0 ],
        "degreeValue": 35,
        "scale": { "x": 0.2, "y": 1.5 },
        "color": 0,
        "NumObjectsClone": 0, "RadiusClone": 0,
        "BoneLookAtPlayer": false, "BoneRotate": 0,
        "inBox": true, "type": 0,
        "CloneCenterFollowPlayer": false, "ClonePosAutoAdd": { "x": 0, "y": 0 },
        "CoreOnly": false,
        "waitToBeEnabled": 0,
        "BoneLookAtCenter": true,
        "posSetter": [
          { "newPos": { "x": -11.5, "y": -11.5 },
            "waitToBeEnabled": 0, "lerpTime": 0.4, "followPlayer": false, "moveUp": true },
          { "newPos": { "x": -11.2, "y": -11.2 },
            "waitToBeEnabled": 0.5, "lerpTime": 0.2, "followPlayer": false, "moveUp": true },
          { "newPos": { "x": -28, "y": -28 },
            "waitToBeEnabled": 0.1, "lerpTime": 2, "followPlayer": false, "moveUp": true }
        ]
      },
      {
        "creator_note": "SpaceCapy",
        "indexATK": 9, "sprite_index": 36, "startTime": 106,
        "center": { "x": 3.35, "y": 1.6 },
        "NumObjects": 4, "radius": 7, "AddDegree": 90, "timeSpawn": 0,
        "FollowPlayer": false, "KeepFollowPlayer": false,
        "randomDegree": false, "RandomDegreeValue": [ 0.0, 180.0 ],
        "degreeValue": 40,
        "scale": { "x": 0.2, "y": 1.5 },
        "color": 0,
        "NumObjectsClone": 0, "RadiusClone": 0,
        "BoneLookAtPlayer": false, "BoneRotate": 0,
        "inBox": true, "type": 0,
        "CloneCenterFollowPlayer": false, "ClonePosAutoAdd": { "x": 0, "y": 0 },
        "CoreOnly": false,
        "waitToBeEnabled": 0,
        "BoneLookAtCenter": true,
        "posSetter": [
          { "newPos": { "x": -11.5, "y": -11.5 },
            "waitToBeEnabled": 0, "lerpTime": 0.4, "followPlayer": false, "moveUp": true },
          { "newPos": { "x": -11.2, "y": -11.2 },
            "waitToBeEnabled": 0.5, "lerpTime": 0.2, "followPlayer": false, "moveUp": true },
          { "newPos": { "x": -28, "y": -28 },
            "waitToBeEnabled": 0.1, "lerpTime": 2, "followPlayer": false, "moveUp": true }
        ]
      },
      {
        "creator_note": "SpaceCapy",
        "indexATK": 9, "sprite_index": 36, "startTime": 107,
        "center": { "x": 3.35, "y": 1.6 },
        "NumObjects": 4, "radius": 7, "AddDegree": 90, "timeSpawn": 0,
        "FollowPlayer": false, "KeepFollowPlayer": false,
        "randomDegree": false, "RandomDegreeValue": [ 0.0, 180.0 ],
        "degreeValue": 5,
        "scale": { "x": 0.2, "y": 1.5 },
        "color": 0,
        "NumObjectsClone": 0, "RadiusClone": 0,
        "BoneLookAtPlayer": false, "BoneRotate": 0,
        "inBox": true, "type": 0,
        "CloneCenterFollowPlayer": false, "ClonePosAutoAdd": { "x": 0, "y": 0 },
        "CoreOnly": false,
        "waitToBeEnabled": 0,
        "BoneLookAtCenter": true,
        "posSetter": [
          { "newPos": { "x": -11.5, "y": -11.5 },
            "waitToBeEnabled": 0, "lerpTime": 0.4, "followPlayer": false, "moveUp": true },
          { "newPos": { "x": -11.2, "y": -11.2 },
            "waitToBeEnabled": 0.5, "lerpTime": 0.2, "followPlayer": false, "moveUp": true },
          { "newPos": { "x": -28, "y": -28 },
            "waitToBeEnabled": 0.1, "lerpTime": 2, "followPlayer": false, "moveUp": true }
        ]
      },
      {
        "creator_note": "SpaceCapy",
        "indexATK": 9, "sprite_index": 36, "startTime": 108,
        "center": { "x": 3.35, "y": 1.6 },
        "NumObjects": 4, "radius": 7, "AddDegree": 90, "timeSpawn": 0,
        "FollowPlayer": false, "KeepFollowPlayer": false,
        "randomDegree": false, "RandomDegreeValue": [ 0.0, 180.0 ],
        "degreeValue": 25,
        "scale": { "x": 0.2, "y": 1.5 },
        "color": 0,
        "NumObjectsClone": 0, "RadiusClone": 0,
        "BoneLookAtPlayer": false, "BoneRotate": 0,
        "inBox": true, "type": 0,
        "CloneCenterFollowPlayer": false, "ClonePosAutoAdd": { "x": 0, "y": 0 },
        "CoreOnly": false,
        "waitToBeEnabled": 0,
        "BoneLookAtCenter": true,
        "posSetter": [
          { "newPos": { "x": -11.5, "y": -11.5 },
            "waitToBeEnabled": 0, "lerpTime": 0.4, "followPlayer": false, "moveUp": true },
          { "newPos": { "x": -11.2, "y": -11.2 },
            "waitToBeEnabled": 0.5, "lerpTime": 0.2, "followPlayer": false, "moveUp": true },
          { "newPos": { "x": -28, "y": -28 },
            "waitToBeEnabled": 0.1, "lerpTime": 2, "followPlayer": false, "moveUp": true }
        ]
      },
      {
        "creator_note": "SpaceCapy",
        "indexATK": 9, "sprite_index": 36, "startTime": 109,
        "center": { "x": 3.35, "y": 1.6 },
        "NumObjects": 4, "radius": 7, "AddDegree": 90, "timeSpawn": 0,
        "FollowPlayer": false, "KeepFollowPlayer": false,
        "randomDegree": false, "RandomDegreeValue": [ 0.0, 180.0 ],
        "degreeValue": 35,
        "scale": { "x": 0.2, "y": 1.5 },
        "color": 0,
        "NumObjectsClone": 0, "RadiusClone": 0,
        "BoneLookAtPlayer": false, "BoneRotate": 0,
        "inBox": true, "type": 0,
        "CloneCenterFollowPlayer": false, "ClonePosAutoAdd": { "x": 0, "y": 0 },
        "CoreOnly": false,
        "waitToBeEnabled": 0,
        "BoneLookAtCenter": true,
        "posSetter": [
          { "newPos": { "x": -11.5, "y": -11.5 },
            "waitToBeEnabled": 0, "lerpTime": 0.4, "followPlayer": false, "moveUp": true },
          { "newPos": { "x": -11.2, "y": -11.2 },
            "waitToBeEnabled": 0.5, "lerpTime": 0.2, "followPlayer": false, "moveUp": true },
          { "newPos": { "x": -28, "y": -28 },
            "waitToBeEnabled": 0.1, "lerpTime": 2, "followPlayer": false, "moveUp": true }
        ]
      },
      {
        "creator_note": "SpaceCapy",
        "indexATK": 9, "sprite_index": 36, "startTime": 110,
        "center": { "x": 3.35, "y": 1.6 },
        "NumObjects": 4, "radius": 7, "AddDegree": 90, "timeSpawn": 0,
        "FollowPlayer": false, "KeepFollowPlayer": false,
        "randomDegree": false, "RandomDegreeValue": [ 0.0, 180.0 ],
        "degreeValue": 0,
        "scale": { "x": 0.2, "y": 1.5 },
        "color": 0,
        "NumObjectsClone": 0, "RadiusClone": 0,
        "BoneLookAtPlayer": false, "BoneRotate": 0,
        "inBox": true, "type": 0,
        "CloneCenterFollowPlayer": false, "ClonePosAutoAdd": { "x": 0, "y": 0 },
        "CoreOnly": false,
        "waitToBeEnabled": 0,
        "BoneLookAtCenter": true,
        "posSetter": [
          { "newPos": { "x": -11.5, "y": -11.5 },
            "waitToBeEnabled": 0, "lerpTime": 0.4, "followPlayer": false, "moveUp": true },
          { "newPos": { "x": -11.2, "y": -11.2 },
            "waitToBeEnabled": 0.5, "lerpTime": 0.2, "followPlayer": false, "moveUp": true },
          { "newPos": { "x": -28, "y": -28 },
            "waitToBeEnabled": 0.1, "lerpTime": 2, "followPlayer": false, "moveUp": true }
        ]
      },
      {
        "creator_note": "SpaceCapy",
        "indexATK": 9, "sprite_index": 36, "startTime": 111,
        "center": { "x": 3.35, "y": 1.6 },
        "NumObjects": 4, "radius": 7, "AddDegree": 90, "timeSpawn": 0,
        "FollowPlayer": false, "KeepFollowPlayer": false,
        "randomDegree": false, "RandomDegreeValue": [ 0.0, 180.0 ],
        "degreeValue": 20,
        "scale": { "x": 0.2, "y": 1.5 },
        "color": 0,
        "NumObjectsClone": 0, "RadiusClone": 0,
        "BoneLookAtPlayer": false, "BoneRotate": 0,
        "inBox": true, "type": 0,
        "CloneCenterFollowPlayer": false, "ClonePosAutoAdd": { "x": 0, "y": 0 },
        "CoreOnly": false,
        "waitToBeEnabled": 0,
        "BoneLookAtCenter": true,
        "posSetter": [
          { "newPos": { "x": -11.5, "y": -11.5 },
            "waitToBeEnabled": 0, "lerpTime": 0.4, "followPlayer": false, "moveUp": true },
          { "newPos": { "x": -11.2, "y": -11.2 },
            "waitToBeEnabled": 0.5, "lerpTime": 0.2, "followPlayer": false, "moveUp": true },
          { "newPos": { "x": -28, "y": -28 },
            "waitToBeEnabled": 0.1, "lerpTime": 2, "followPlayer": false, "moveUp": true }
        ]
      },
      {
        "creator_note": "SpaceCapy",
        "indexATK": 9, "sprite_index": 36, "startTime": 112,
        "center": { "x": 3.35, "y": 1.6 },
        "NumObjects": 4, "radius": 7, "AddDegree": 90, "timeSpawn": 0,
        "FollowPlayer": false, "KeepFollowPlayer": false,
        "randomDegree": false, "RandomDegreeValue": [ 0.0, 180.0 ],
        "degreeValue": 35,
        "scale": { "x": 0.2, "y": 1.5 },
        "color": 0,
        "NumObjectsClone": 0, "RadiusClone": 0,
        "BoneLookAtPlayer": false, "BoneRotate": 0,
        "inBox": true, "type": 0,
        "CloneCenterFollowPlayer": false, "ClonePosAutoAdd": { "x": 0, "y": 0 },
        "CoreOnly": false,
        "waitToBeEnabled": 0,
        "BoneLookAtCenter": true,
        "posSetter": [
          { "newPos": { "x": -11.5, "y": -11.5 },
            "waitToBeEnabled": 0, "lerpTime": 0.4, "followPlayer": false, "moveUp": true },
          { "newPos": { "x": -11.2, "y": -11.2 },
            "waitToBeEnabled": 0.5, "lerpTime": 0.2, "followPlayer": false, "moveUp": true },
          { "newPos": { "x": -28, "y": -28 },
            "waitToBeEnabled": 0.1, "lerpTime": 2, "followPlayer": false, "moveUp": true }
        ]
      },
      {
        "creator_note": "SpaceCapy",
        "indexATK": 9, "sprite_index": 36, "startTime": 113,
        "center": { "x": 3.35, "y": 1.6 },
        "NumObjects": 4, "radius": 7, "AddDegree": 90, "timeSpawn": 0,
        "FollowPlayer": false, "KeepFollowPlayer": false,
        "randomDegree": false, "RandomDegreeValue": [ 0.0, 180.0 ],
        "degreeValue": 20,
        "scale": { "x": 0.2, "y": 1.5 },
        "color": 0,
        "NumObjectsClone": 0, "RadiusClone": 0,
        "BoneLookAtPlayer": false, "BoneRotate": 0,
        "inBox": true, "type": 0,
        "CloneCenterFollowPlayer": false, "ClonePosAutoAdd": { "x": 0, "y": 0 },
        "CoreOnly": false,
        "waitToBeEnabled": 0,
        "BoneLookAtCenter": true,
        "posSetter": [
          { "newPos": { "x": -11.5, "y": -11.5 },
            "waitToBeEnabled": 0, "lerpTime": 0.4, "followPlayer": false, "moveUp": true },
          { "newPos": { "x": -11.2, "y": -11.2 },
            "waitToBeEnabled": 0.5, "lerpTime": 0.2, "followPlayer": false, "moveUp": true },
          { "newPos": { "x": -28, "y": -28 },
            "waitToBeEnabled": 0.1, "lerpTime": 2, "followPlayer": false, "moveUp": true }
        ]
      },


      {
        "creator_note": "SpaceCapy",
        "indexATK": 9, "sprite_index": 9, "startTime": 100,
        "center": { "x": 3.35, "y": 1.6 },
        "NumObjects": 4, "radius": 7, "AddDegree": 90, "timeSpawn": 0,
        "FollowPlayer": true, "KeepFollowPlayer": false,
        "randomDegree": false, "RandomDegreeValue": [ 0.0, 180.0 ],
        "degreeValue": 15,
        "scale": { "x": 0.7, "y": 0.7 },
        "color": 0,
        "NumObjectsClone": 0, "RadiusClone": 0,
        "BoneLookAtPlayer": false, "BoneRotate": 0,
        "inBox": false, "type": 0,
        "CloneCenterFollowPlayer": false, "ClonePosAutoAdd": { "x": 0, "y": 0 },
        "CoreOnly": true,
        "CorerosSetter": [
          { "rotateDegree": 1040, "waitToBeEnabled": 0, "lerpTime": 12, "lookAtPlayer": false }
        ],
        "waitToBeEnabled": 0,
        "BoneLookAtCenter": true,
        "posSetter": [
          { "newPos": { "x": -32, "y": -32 },
            "waitToBeEnabled": 0.1, "lerpTime": 7, "followPlayer": false, "moveUp": true }
        ]
      },
      {
        "creator_note": "SpaceCapy",
        "indexATK": 9, "sprite_index": 9, "startTime": 103,
        "center": { "x": 3.35, "y": 1.6 },
        "NumObjects": 4, "radius": 7, "AddDegree": 90, "timeSpawn": 0,
        "FollowPlayer": true, "KeepFollowPlayer": false,
        "randomDegree": false, "RandomDegreeValue": [ 0.0, 180.0 ],
        "degreeValue": 40,
        "scale": { "x": 0.7, "y": 0.7 },
        "color": 0,
        "NumObjectsClone": 0, "RadiusClone": 0,
        "BoneLookAtPlayer": false, "BoneRotate": 0,
        "inBox": false, "type": 0,
        "CloneCenterFollowPlayer": false, "ClonePosAutoAdd": { "x": 0, "y": 0 },
        "CoreOnly": true,
        "CorerosSetter": [
          { "rotateDegree": 1040, "waitToBeEnabled": 0, "lerpTime": 12, "lookAtPlayer": false }
        ],
        "waitToBeEnabled": 0,
        "BoneLookAtCenter": true,
        "posSetter": [
          { "newPos": { "x": -32, "y": -32 },
            "waitToBeEnabled": 0.1, "lerpTime": 7, "followPlayer": false, "moveUp": true }
        ]
      },
      {
        "creator_note": "SpaceCapy",
        "indexATK": 9, "sprite_index": 9, "startTime": 106,
        "center": { "x": 3.35, "y": 1.6 },
        "NumObjects": 4, "radius": 7, "AddDegree": 90, "timeSpawn": 0,
        "FollowPlayer": true, "KeepFollowPlayer": false,
        "randomDegree": false, "RandomDegreeValue": [ 0.0, 180.0 ],
        "degreeValue": 25,
        "scale": { "x": 0.7, "y": 0.7 },
        "color": 0,
        "NumObjectsClone": 0, "RadiusClone": 0,
        "BoneLookAtPlayer": false, "BoneRotate": 0,
        "inBox": false, "type": 0,
        "CloneCenterFollowPlayer": false, "ClonePosAutoAdd": { "x": 0, "y": 0 },
        "CoreOnly": true,
        "CorerosSetter": [
          { "rotateDegree": 1040, "waitToBeEnabled": 0, "lerpTime": 12, "lookAtPlayer": false }
        ],
        "waitToBeEnabled": 0,
        "BoneLookAtCenter": true,
        "posSetter": [
          { "newPos": { "x": -32, "y": -32 },
            "waitToBeEnabled": 0.1, "lerpTime": 7, "followPlayer": false, "moveUp": true }
        ]
      },
      {
        "creator_note": "SpaceCapy",
        "indexATK": 9, "sprite_index": 9, "startTime": 109,
        "center": { "x": 3.35, "y": 1.6 },
        "NumObjects": 4, "radius": 7, "AddDegree": 90, "timeSpawn": 0,
        "FollowPlayer": true, "KeepFollowPlayer": false,
        "randomDegree": false, "RandomDegreeValue": [ 0.0, 180.0 ],
        "degreeValue": 10,
        "scale": { "x": 0.7, "y": 0.7 },
        "color": 0,
        "NumObjectsClone": 0, "RadiusClone": 0,
        "BoneLookAtPlayer": false, "BoneRotate": 0,
        "inBox": false, "type": 0,
        "CloneCenterFollowPlayer": false, "ClonePosAutoAdd": { "x": 0, "y": 0 },
        "CoreOnly": true,
        "CorerosSetter": [
          { "rotateDegree": 1040, "waitToBeEnabled": 0, "lerpTime": 12, "lookAtPlayer": false }
        ],
        "waitToBeEnabled": 0,
        "BoneLookAtCenter": true,
        "posSetter": [
          { "newPos": { "x": -32, "y": -32 },
            "waitToBeEnabled": 0.1, "lerpTime": 7, "followPlayer": false, "moveUp": true }
        ]
      },



      {
        "creator_note": "SpaceCapy",
        "indexATK": 9, "sprite_index": 36, "startTime": 112,
        "center": { "x": 3.35, "y": 1.6 },
        "NumObjects": 12, "radius": 3, "AddDegree": 30, "timeSpawn": 0,
        "FollowPlayer": false, "KeepFollowPlayer": false,
        "randomDegree": false, "RandomDegreeValue": [ 0.0, 180.0 ],
        "degreeValue": 0,
        "scale": { "x": 0.3, "y": 5 },
        "color": 0,
        "NumObjectsClone": 0, "RadiusClone": 0,
        "BoneLookAtPlayer": false, "BoneRotate": 0,
        "inBox": true, "type": 0,
        "CloneCenterFollowPlayer": false, "ClonePosAutoAdd": { "x": 0, "y": 0 },
        "CoreOnly": true,
        "CoreposSetter": [
          { "newPos": { "x": 1, "y": 0 },
            "waitToBeEnabled": 8.5, "lerpTime": 2, "followPlayer": false }
        ],
        "CorerosSetter": [
          { "rotateDegree": 1040, "waitToBeEnabled": 3, "lerpTime": 16, "lookAtPlayer": false }
        ],
        "waitToBeEnabled": 0,
        "BoneLookAtCenter": true,
        "posSetter": [
          { "newPos": { "x": -2, "y": -2 },
            "waitToBeEnabled": 0.1, "lerpTime": 3, "followPlayer": false, "moveUp": true },
          { "newPos": { "x": 12, "y": 12 },
            "waitToBeEnabled": 11, "lerpTime": 7, "followPlayer": false, "moveUp": true }
        ]
      },


      {
        "creator_note": "SpaceCapy",
        "indexATK": 9, "sprite_index": 36, "layer": 19, "startTime": 127,
        "center": { "x": -2.65, "y": 0.5 },
        "NumObjects": 1, "radius": 0, "AddDegree": 0, "timeSpawn": 0,
        "FollowPlayer": false, "KeepFollowPlayer": false,
        "randomDegree": false, "RandomDegreeValue": [ 0.0, 180.0 ],
        "degreeValue": 180,
        "scale": { "x": 0.2, "y": 2 },
        "color": 0,
        "NumObjectsClone": 16, "RadiusClone": 2,
        "BoneLookAtPlayer": false, "BoneRotate": 180,
        "inBox": true, "type": 0,
        "CloneCenterFollowPlayer": false, "ClonePosAutoAdd": { "x": 0, "y": 0 },
        "CoreOnly": true,
        "CoreposSetter": [
          { "newPos": { "x": 125, "y": 0 },
            "waitToBeEnabled": 0.0, "lerpTime": 42, "followPlayer": false }
        ],
        "waitToBeEnabled": 0
      },
      {
        "creator_note": "SpaceCapy",
        "indexATK": 9, "sprite_index": 36, "layer": 19, "startTime": 127,
        "center": { "x": 9.65, "y": 2.7 },
        "NumObjects": 1, "radius": 0, "AddDegree": 0, "timeSpawn": 0,
        "FollowPlayer": false, "KeepFollowPlayer": false,
        "randomDegree": false, "RandomDegreeValue": [ 0.0, 180.0 ],
        "degreeValue": 0,
        "scale": { "x": 0.2, "y": 2 },
        "color": 0,
        "NumObjectsClone": 16, "RadiusClone": 2,
        "BoneLookAtPlayer": false, "BoneRotate": 0,
        "inBox": true, "type": 0,
        "CloneCenterFollowPlayer": false, "ClonePosAutoAdd": { "x": 0, "y": 0 },
        "CoreOnly": true,
        "CoreposSetter": [
          { "newPos": { "x": -125, "y": 0 },
            "waitToBeEnabled": 0.0, "lerpTime": 42, "followPlayer": false }
        ],
        "waitToBeEnabled": 0
      },




      {
        "creator_note": "SpaceCapy",
        "indexATK": 9, "sprite_index": 36, "startTime": 141,
        "center": { "x": 3.35, "y": 1.6 },
        "NumObjects": 12, "radius": 3, "AddDegree": 30, "timeSpawn": 0,
        "FollowPlayer": false, "KeepFollowPlayer": false,
        "randomDegree": false, "RandomDegreeValue": [ 0.0, 180.0 ],
        "degreeValue": 0,
        "scale": { "x": 0.3, "y": 5 },
        "color": 0,
        "NumObjectsClone": 0, "RadiusClone": 0,
        "BoneLookAtPlayer": false, "BoneRotate": 0,
        "inBox": true, "type": 0,
        "CloneCenterFollowPlayer": false, "ClonePosAutoAdd": { "x": 0, "y": 0 },
        "CoreOnly": true,
        "CoreposSetter": [
        ],
        "CorerosSetter": [
          { "rotateDegree": 1040, "waitToBeEnabled": 3, "lerpTime": 16, "lookAtPlayer": false }
        ],
        "waitToBeEnabled": 0,
        "BoneLookAtCenter": true,
        "posSetter": [
          { "newPos": { "x": -1.8, "y": -1.8 },
            "waitToBeEnabled": 0.1, "lerpTime": 3, "followPlayer": false, "moveUp": true },
          { "newPos": { "x": 12, "y": 12 },
            "waitToBeEnabled": 8, "lerpTime": 2, "followPlayer": false, "moveUp": true }
        ]
      }
    ]
}