{
    "gaster": [
        {
            "creator_note": "Space Capy",
            "indexATK": 10, "sprite_index": 10, "layer": 20, "waitToBeEnabled": 30.0,
            "lerpTime": 0.5,  "lerpTimeWaitBeforeShoot": 0.8, "lerpTimeLeave": 0.7,
            "pos1": { "x": 3.35, "y": 10 },
            "pos2": { "x": 6.35, "y": 0.4 },
            "random": false,
            "randCircleSize": { "x": 10.0, "y": 5.0 },
            "lookAtPlayer": false,
            "rotateDegree1": 0.0, "rotateDegree2": -90.0, "rotateDegree2Add": 0.0,
            "scale": { "x": 2.5, "y": 4.8 },
            "timeStay": 0.0,
            "colorBlaster": 0
        },
        {
            "creator_note": "Space Capy",
            "indexATK": 10, "sprite_index": 10, "layer": 20, "waitToBeEnabled": 30.0,
            "lerpTime": 0.5,  "lerpTimeWaitBeforeShoot": 0.8, "lerpTimeLeave": 0.7,
            "pos1": { "x": 3.35, "y": 10 },
            "pos2": { "x": 0.35, "y": 2.2 },
            "random": false,
            "randCircleSize": { "x": 10.0, "y": 5.0 },
            "lookAtPlayer": false,
            "rotateDegree1": 0.0, "rotateDegree2": 90.0, "rotateDegree2Add": 0.0,
            "scale": { "x": 2.5, "y": 4.8 },
            "timeStay": 0.0,
            "colorBlaster": 0
        },



        {
            "creator_note": "Space Capy",
            "indexATK": 9, "sprite_index": 10, "layer": 24, "waitToBeEnabled": 80.0,
            "lerpTime": 0.5,  "lerpTimeWaitBeforeShoot": 1.6, "lerpTimeLeave": 0.7,
            "pos1": { "x": 3.35, "y": 10 },
            "pos2": { "x": 3.35, "y": 4.8 },
            "random": false,
            "randCircleSize": { "x": 10.0, "y": 5.0 },
            "lookAtPlayer": false,
            "rotateDegree1": 0.0, "rotateDegree2": 0.0, "rotateDegree2Add": 0.0,
            "scale": { "x": 3.4, "y": 5.6 },
            "timeStay": 0.0,
            "colorBlaster": 0
        },
        {
            "creator_note": "Space Capy",
            "indexATK": 9, "sprite_index": 10, "layer": 24, "waitToBeEnabled": 80.0,
            "lerpTime": 0.5,  "lerpTimeWaitBeforeShoot": 1.6, "lerpTimeLeave": 0.7,
            "pos1": { "x": 3.35, "y": 10 },
            "pos2": { "x": 5.55, "y": 4.8 },
            "random": false,
            "randCircleSize": { "x": 10.0, "y": 5.0 },
            "lookAtPlayer": false,
            "rotateDegree1": 0.0, "rotateDegree2": 0.0, "rotateDegree2Add": 0.0,
            "scale": { "x": 3.4, "y": 5.6 },
            "timeStay": 0.0,
            "colorBlaster": 0
        },

        {
            "creator_note": "Space Capy",
            "indexATK": 9, "sprite_index": 10, "layer": 24, "waitToBeEnabled": 83.0,
            "lerpTime": 0.5,  "lerpTimeWaitBeforeShoot": 1.6, "lerpTimeLeave": 0.7,
            "pos1": { "x": 3.35, "y": 10 },
            "pos2": { "x": 1.15, "y": 4.8 },
            "random": false,
            "randCircleSize": { "x": 10.0, "y": 5.0 },
            "lookAtPlayer": false,
            "rotateDegree1": 0.0, "rotateDegree2": 0.0, "rotateDegree2Add": 0.0,
            "scale": { "x": 3.4, "y": 5.6 },
            "timeStay": 0.0,
            "colorBlaster": 0
        },
        {
            "creator_note": "Space Capy",
            "indexATK": 9, "sprite_index": 10, "layer": 24, "waitToBeEnabled": 83.0,
            "lerpTime": 0.5,  "lerpTimeWaitBeforeShoot": 1.6, "lerpTimeLeave": 0.7,
            "pos1": { "x": 3.35, "y": 10 },
            "pos2": { "x": 5.55, "y": 4.8 },
            "random": false,
            "randCircleSize": { "x": 10.0, "y": 5.0 },
            "lookAtPlayer": false,
            "rotateDegree1": 0.0, "rotateDegree2": 0.0, "rotateDegree2Add": 0.0,
            "scale": { "x": 3.4, "y": 5.6 },
            "timeStay": 0.0,
            "colorBlaster": 0
        },

        {
            "creator_note": "Space Capy",
            "indexATK": 9, "sprite_index": 10, "layer": 24, "waitToBeEnabled": 86.0,
            "lerpTime": 0.5,  "lerpTimeWaitBeforeShoot": 1.6, "lerpTimeLeave": 0.7,
            "pos1": { "x": 3.35, "y": 10 },
            "pos2": { "x": 3.35, "y": 4.8 },
            "random": false,
            "randCircleSize": { "x": 10.0, "y": 5.0 },
            "lookAtPlayer": false,
            "rotateDegree1": 0.0, "rotateDegree2": 0.0, "rotateDegree2Add": 0.0,
            "scale": { "x": 3.4, "y": 5.6 },
            "timeStay": 0.0,
            "colorBlaster": 0
        },
        {
            "creator_note": "Space Capy",
            "indexATK": 9, "sprite_index": 10, "layer": 24, "waitToBeEnabled": 86.0,
            "lerpTime": 0.5,  "lerpTimeWaitBeforeShoot": 1.6, "lerpTimeLeave": 0.7,
            "pos1": { "x": 3.35, "y": 10 },
            "pos2": { "x": 1.15, "y": 4.8 },
            "random": false,
            "randCircleSize": { "x": 10.0, "y": 5.0 },
            "lookAtPlayer": false,
            "rotateDegree1": 0.0, "rotateDegree2": 0.0, "rotateDegree2Add": 0.0,
            "scale": { "x": 3.4, "y": 5.6 },
            "timeStay": 0.0,
            "colorBlaster": 0
        },

        {
            "creator_note": "Space Capy",
            "indexATK": 9, "sprite_index": 10, "layer": 24, "waitToBeEnabled": 89.0,
            "lerpTime": 0.5,  "lerpTimeWaitBeforeShoot": 1.6, "lerpTimeLeave": 0.7,
            "pos1": { "x": 3.35, "y": 10 },
            "pos2": { "x": 1.15, "y": 4.8 },
            "random": false,
            "randCircleSize": { "x": 10.0, "y": 5.0 },
            "lookAtPlayer": false,
            "rotateDegree1": 0.0, "rotateDegree2": 0.0, "rotateDegree2Add": 0.0,
            "scale": { "x": 3.4, "y": 5.6 },
            "timeStay": 0.0,
            "colorBlaster": 0
        },
        {
            "creator_note": "Space Capy",
            "indexATK": 9, "sprite_index": 10, "layer": 24, "waitToBeEnabled": 89.0,
            "lerpTime": 0.5,  "lerpTimeWaitBeforeShoot": 1.6, "lerpTimeLeave": 0.7,
            "pos1": { "x": 3.35, "y": 10 },
            "pos2": { "x": 5.55, "y": 4.8 },
            "random": false,
            "randCircleSize": { "x": 10.0, "y": 5.0 },
            "lookAtPlayer": false,
            "rotateDegree1": 0.0, "rotateDegree2": 0.0, "rotateDegree2Add": 0.0,
            "scale": { "x": 3.4, "y": 5.6 },
            "timeStay": 0.0,
            "colorBlaster": 0
        },

        {
            "creator_note": "Space Capy",
            "indexATK": 9, "sprite_index": 10, "layer": 24, "waitToBeEnabled": 92.0,
            "lerpTime": 0.5,  "lerpTimeWaitBeforeShoot": 1.6, "lerpTimeLeave": 0.7,
            "pos1": { "x": 3.35, "y": 10 },
            "pos2": { "x": 3.35, "y": 4.8 },
            "random": false,
            "randCircleSize": { "x": 10.0, "y": 5.0 },
            "lookAtPlayer": false,
            "rotateDegree1": 0.0, "rotateDegree2": 0.0, "rotateDegree2Add": 0.0,
            "scale": { "x": 3.4, "y": 5.6 },
            "timeStay": 0.0,
            "colorBlaster": 0
        },
        {
            "creator_note": "Space Capy",
            "indexATK": 9, "sprite_index": 10, "layer": 24, "waitToBeEnabled": 92.0,
            "lerpTime": 0.5,  "lerpTimeWaitBeforeShoot": 1.6, "lerpTimeLeave": 0.7,
            "pos1": { "x": 3.35, "y": 10 },
            "pos2": { "x": 5.55, "y": 4.8 },
            "random": false,
            "randCircleSize": { "x": 10.0, "y": 5.0 },
            "lookAtPlayer": false,
            "rotateDegree1": 0.0, "rotateDegree2": 0.0, "rotateDegree2Add": 0.0,
            "scale": { "x": 3.4, "y": 5.6 },
            "timeStay": 0.0,
            "colorBlaster": 0
        }
    ]
}