{
  "plat": [
    {
      "creator_note": "SpaceCapy",
      "indexATK": 9,
      "type":1,
      "inBox": true,
      "pos": { "x": -0.65, "y": 0.8 },
      "timeStay": 0.0, "rotateDegree": 180.0, "jumpable": true,
      "scale": { "x": 1, "y": 1 },
      "posSetter": [
        {
          "newPos": { "x": 1.15, "y": 0.8 }, "waitToBeEnabled": 63.0, "lerpTime": 1.0
        },
        {
          "newPos": { "x": 1.15, "y": 2.1 }, "waitToBeEnabled": 15.5, "lerpTime": 1.0
        },
        {
          "newPos": { "x": 1.15, "y": 8 }, "waitToBeEnabled": 15.5, "lerpTime": 2.0
        }
      ]
    },
    {
      "creator_note": "SpaceCapy",
      "indexATK": 9,
      "type":1,
      "inBox": true,
      "pos": { "x": 3.35, "y": -0.4 },
      "timeStay": 0.0, "rotateDegree": 180.0, "jumpable": true,
      "scale": { "x": 1, "y": 1 },
      "posSetter": [
        {
          "newPos": { "x": 3.35, "y": 0.8 }, "waitToBeEnabled": 63.0, "lerpTime": 1.0
        },
        {
          "newPos": { "x": 3.35, "y": 2.1 }, "waitToBeEnabled": 15.5, "lerpTime": 1.0
        },
        {
          "newPos": { "x": 3.35, "y": 8 }, "waitToBeEnabled": 15.5, "lerpTime": 2.0
        }
      ]
    },
    {
      "creator_note": "SpaceCapy",
      "indexATK": 9,
      "type":1,
      "inBox": true,
      "pos": { "x": 8.35, "y": 0.8 },
      "timeStay": 0.0, "rotateDegree": 180.0, "jumpable": true,
      "scale": { "x": 1, "y": 1 },
      "posSetter": [
        {
          "newPos": { "x": 5.55, "y": 0.8 }, "waitToBeEnabled": 63.0, "lerpTime": 1.0
        },
        {
          "newPos": { "x": 5.55, "y": 2.1 }, "waitToBeEnabled": 15.5, "lerpTime": 1.0
        },
        {
          "newPos": { "x": 5.55, "y": 8 }, "waitToBeEnabled": 15.5, "lerpTime": 2.0
        }
      ]
    },

    {
      "creator_note": "SpaceCapy",
      "indexATK": 9,
      "type":0,
      "inBox": true,
      "pos": { "x": 8.35, "y": 1.8 },
      "timeStay": 0.0, "rotateDegree": 180.0, "jumpable": true,
      "scale": { "x": 1, "y": 1 },
      "posSetter": [
        { "newPos": { "x": -1.65, "y": 1.8 }, "waitToBeEnabled": 72, "lerpTime": 2.0 },
        { "newPos": { "x": 8.35, "y": 1.8 }, "waitToBeEnabled": 0, "lerpTime": 2.0 },
        { "newPos": { "x": -1.65, "y": 1.8 }, "waitToBeEnabled": 0, "lerpTime": 2.0 },
        { "newPos": { "x": 8.35, "y": 1.8 }, "waitToBeEnabled": 0, "lerpTime": 2.0 }
      ]
    }
  ]
}