{
    "dialog": [
        {
            "numberOfDialogueBeforeAttackCome": 3,
            "textInBox": " * That's end of your life."
        },
        {
            "numberOfDialogueBeforeAttackCome": 2,
            "textInBox": " * The wind is blowing hard."
        },
        {
            "numberOfDialogueBeforeAttackCome": 1,
            "textInBox": " * You see austale coders."
        },
        {
            "numberOfDialogueBeforeAttackCome": 1,
            "textInBox": " * Snight Coder looks serious."
        },
        {
            "numberOfDialogueBeforeAttackCome": 2,
            "textInBox": "<color=red> * You? Sounds like a funny joke.</a>"
        },
        {
            "numberOfDialogueBeforeAttackCome": 2,
            "textInBox": "<color=red> * Yes. Only fight. Only pain.</a>"
        },
        {
            "numberOfDialogueBeforeAttackCome": 3,
            "textInBox": " * Snight Coder is determined to stop you."
        },
        {
            "numberOfDialogueBeforeAttackCome": 1,
            "textInBox": " * It's hard to breathe."
        },
        {
            "numberOfDialogueBeforeAttackCome": 1,
            "textInBox": "<color=red> * We will see about that.</a>"
        },
        {
            "numberOfDialogueBeforeAttackCome": 2,
            "textInBox": "<color=red> * Still have a hope?</color>"
        },
        {
            "numberOfDialogueBeforeAttackCome": 2,
            "textInBox": " * You can hear the heart beats."
        },
        {
            "numberOfDialogueBeforeAttackCome": 2,
            "textInBox": " * Snight Coder is preparing something."
        },
        {
            "numberOfDialogueBeforeAttackCome": 2,
            "textInBox": " * Snight Coder is ready to use special\n   attack."
        },
        {
            "numberOfDialogueBeforeAttackCome": 3,
            "textInBox": "<color=red> * Kill him =)</a>"
        }
    ]
}