{
    "cameraEffect": [
        {
            "indexATK": 9,
            "startTime": 20,
            "analogGlitchEnable": true,
            "scanLineJitter": 0.05,
            "verticalJump": 0,
            "horizontalShake": 0.01,
            "colorDrift": 0.05
        },
        {
            "indexATK": 9,
            "startTime": 23,
            "analogGlitchEnable": true,
            "scanLineJitter": 0.1,
            "verticalJump": 0.0,
            "horizontalShake": 0.08,
            "colorDrift": 0.3
        },
        {
            "indexATK": 9,
            "startTime": 37,
            "analogGlitchEnable": true,
            "scanLineJitter": 0.4,
            "verticalJump": 0.0,
            "horizontalShake": 0.2,
            "colorDrift": 0.6
        },
        {
            "indexATK": 9,
            "startTime": 44,
            "analogGlitchEnable": true,
            "scanLineJitter": 0.55,
            "verticalJump": 0.0,
            "horizontalShake": 0.35,
            "colorDrift": 0.8
        },
        {
            "indexATK": 9,
            "startTime": 55,
            "analogGlitchEnable": true,
            "scanLineJitter": 0.1,
            "verticalJump": 0.0,
            "horizontalShake": 0.05,
            "colorDrift": 0.1
        },
        {
            "indexATK": 9,
            "startTime": 58,
            "analogGlitchEnable": false
        },
        {
            "indexATK": 9,
            "startTime": 100,
            "analogGlitchEnable": false
        }
    ]
}