{
    "cirGas": [
        {
            "creator_note": "SpaceCapy",
            "indexATK": 9, "sprite_index": -1, "layer": 19, "startTime": 1.5,
            "center": { "x": 0.35, "y": 5.15 },
            "NumObjects": 18, "radius": 3.0, "AddDegree": 20.0, "timeSpawn": 0,
			       "lerpTime": 0.4, "lerpTimeWaitBeforeShoot": 0.8, "lerpTimeLeave": 0.7, "lazerStay": false,
            "FollowPlayer": false, "KeepFollowPlayer": false,
            "degreeValue": 0.0, "randomDegree": false, "RandomDegreeValue": [ 0.0, 180.0 ],
            "scale": { "x": 2.5, "y": 4.8 },
            "ColorBlaster": 0
        },
        {
            "creator_note": "SpaceCapy",
            "indexATK": 9, "sprite_index": 10, "layer": 19, "startTime": 14,
            "center": { "x": 0.35, "y": 5.15 },
            "NumObjects": 6, "radius": 3.0, "AddDegree": 110.0, "timeSpawn": 1,
			       "lerpTime": 0.2, "lerpTimeWaitBeforeShoot": 0.6, "lerpTimeLeave": 0.5, "lazerStay": false,
            "FollowPlayer": true, "KeepFollowPlayer": true,
            "degreeValue": 20.0, "randomDegree": false, "RandomDegreeValue": [ 0.0, 180.0 ],
            "scale": { "x": 1.5, "y": 4.8 },
            "ColorBlaster": 0
        },
        {
            "creator_note": "SpaceCapy",
            "indexATK": 9, "sprite_index": 10, "layer": 19, "startTime": 14,
            "center": { "x": 0.35, "y": 5.15 },
            "NumObjects": 6, "radius": 3.0, "AddDegree": 110.0, "timeSpawn": 1,
			       "lerpTime": 0.2, "lerpTimeWaitBeforeShoot": 0.6, "lerpTimeLeave": 0.5, "lazerStay": false,
            "FollowPlayer": true, "KeepFollowPlayer": true,
            "degreeValue": 110.0, "randomDegree": false, "RandomDegreeValue": [ 0.0, 180.0 ],
            "scale": { "x": 1.5, "y": 4.8 },
            "ColorBlaster": 0
        },

        {
            "creator_note": "SpaceCapy",
            "indexATK": 9, "sprite_index": 10, "layer": 19, "startTime": 30,
            "center": { "x": -1.65, "y": 0.5 },
            "NumObjects": 25, "radius": 0.1, "AddDegree": 0.0, "timeSpawn": 0.2,
			       "lerpTime": 0.3, "lerpTimeWaitBeforeShoot": 0.6, "lerpTimeLeave": 0.7, "lazerStay": false,
            "FollowPlayer": false, "KeepFollowPlayer": false,
            "degreeValue": -180.0, "randomDegree": false, "RandomDegreeValue": [ 0.0, 180.0 ],
            "scale": { "x": 2.5, "y": 4.8 },
            "ColorBlaster": 0
        },
        {
            "creator_note": "SpaceCapy",
            "indexATK": 9, "sprite_index": 10, "layer": 19, "startTime": 30,
            "center": { "x": 7.35, "y": 2.75 },
            "NumObjects": 25, "radius": 0.1, "AddDegree": 0.0, "timeSpawn": 0.2,
			       "lerpTime": 0.3, "lerpTimeWaitBeforeShoot": 0.6, "lerpTimeLeave": 0.7, "lazerStay": false,
            "FollowPlayer": false, "KeepFollowPlayer": false,
            "degreeValue": 0.0, "randomDegree": false, "RandomDegreeValue": [ 0.0, 180.0 ],
            "scale": { "x": 2.5, "y": 4.8 },
            "ColorBlaster": 0
        },

        {
            "creator_note": "SpaceCapy",
            "indexATK": 9, "sprite_index": 10, "layer": 21, "startTime": 39,
            "center": { "x": 0.35, "y": 5.15 },
            "NumObjects": 28, "radius": 3.0, "AddDegree": 180.0, "timeSpawn": 0.5,
			       "lerpTime": 0.4, "lerpTimeWaitBeforeShoot": 0.6, "lerpTimeLeave": 0.5, "lazerStay": false,
            "FollowPlayer": true, "KeepFollowPlayer": true,
            "degreeValue": 0.0, "randomDegree": false, "RandomDegreeValue": [ 0.0, 180.0 ],
            "scale": { "x": 1.5, "y": 4 },
            "ColorBlaster": 0
        },

        {
            "creator_note": "SpaceCapy",
            "indexATK": 9, "sprite_index": 10, "layer": 19, "startTime": 58.5,
            "center": { "x": 0.35, "y": 5.15 },
            "NumObjects": 4, "radius": 3.0, "AddDegree": 90.0, "timeSpawn": 0,
			       "lerpTime": 0.4, "lerpTimeWaitBeforeShoot": 0.8, "lerpTimeLeave": 0.7, "lazerStay": false,
            "FollowPlayer": true, "KeepFollowPlayer": false,
            "degreeValue": 0.0, "randomDegree": false, "RandomDegreeValue": [ 0.0, 180.0 ],
            "scale": { "x": 2.5, "y": 4.8 },
            "ColorBlaster": 0
        },

        {
            "creator_note": "SpaceCapy",
            "indexATK": 9, "sprite_index": 10, "layer": 19, "startTime": 75,
            "center": { "x": -1.65, "y": 1.8 },
            "NumObjects": 16, "radius": 0.1, "AddDegree": 0.0, "timeSpawn": 0.2,
			       "lerpTime": 0.3, "lerpTimeWaitBeforeShoot": 0.6, "lerpTimeLeave": 0.7, "lazerStay": false,
            "FollowPlayer": false, "KeepFollowPlayer": false,
            "degreeValue": -180.0, "randomDegree": false, "RandomDegreeValue": [ 0.0, 180.0 ],
            "scale": { "x": 2.5, "y": 4.8 },
            "ColorBlaster": 0
        },
        {
            "creator_note": "SpaceCapy",
            "indexATK": 9, "sprite_index": 10, "layer": 19, "startTime": 75,
            "center": { "x": 7.35, "y": 2.75 },
            "NumObjects": 84, "radius": 0.1, "AddDegree": 0.0, "timeSpawn": 0.2,
			       "lerpTime": 0.3, "lerpTimeWaitBeforeShoot": 0.6, "lerpTimeLeave": 0.7, "lazerStay": false,
            "FollowPlayer": false, "KeepFollowPlayer": false,
            "degreeValue": 0.0, "randomDegree": false, "RandomDegreeValue": [ 0.0, 180.0 ],
            "scale": { "x": 2.5, "y": 4.8 },
            "ColorBlaster": 0
        },



        {
            "creator_note": "SpaceCapy",
            "indexATK": 9, "sprite_index": 10, "layer": 19, "startTime": 128,
            "center": { "x": 7.35, "y": 2.6 },
            "NumObjects": 8, "radius": 0.1, "AddDegree": 0.0, "timeSpawn": 1.4,
			       "lerpTime": 0.3, "lerpTimeWaitBeforeShoot": 0.4, "lerpTimeLeave": 0.5, "lazerStay": false,
            "FollowPlayer": false, "KeepFollowPlayer": false,
            "degreeValue": 0.0, "randomDegree": false, "RandomDegreeValue": [ 0.0, 180.0 ],
            "scale": { "x": 1.8, "y": 4.8 },
            "ColorBlaster": 0
        },
        {
            "creator_note": "SpaceCapy",
            "indexATK": 9, "sprite_index": 10, "startTime": 128.7,
            "center": { "x": -0.65, "y": 0.6 },
            "NumObjects": 8, "radius": 0.1, "AddDegree": 0.0, "timeSpawn": 1.4,
			       "lerpTime": 0.3, "lerpTimeWaitBeforeShoot": 0.4, "lerpTimeLeave": 0.5, "lazerStay": false,
            "FollowPlayer": false, "KeepFollowPlayer": false,
            "degreeValue": 180.0, "randomDegree": false, "RandomDegreeValue": [ 0.0, 180.0 ],
            "scale": { "x": 1.8, "y": 4.8 },
            "ColorBlaster": 0
        },



        {
            "creator_note": "SpaceCapy",
            "indexATK": 9, "sprite_index": 10, "startTime": 141.5,
            "center": { "x": 3.35, "y": 1.6 },
            "NumObjects": 42, "radius": 3, "AddDegree": 15.0, "timeSpawn": 0.05,
			       "lerpTime": 0.3, "lerpTimeWaitBeforeShoot": 0.6, "lerpTimeLeave": 0.7, "lazerStay": false,
            "FollowPlayer": false, "KeepFollowPlayer": false,
            "degreeValue": 0.0, "randomDegree": false, "RandomDegreeValue": [ 0.0, 180.0 ],
            "scale": { "x": 1.8, "y": 4.8 },
            "ColorBlaster": 0
        },
        {
            "creator_note": "SpaceCapy",
            "indexATK": 9, "sprite_index": 10, "startTime": 141.55,
            "center": { "x": 3.35, "y": 1.6 },
            "NumObjects": 42, "radius": 3, "AddDegree": 15.0, "timeSpawn": 0.05,
			       "lerpTime": 0.3, "lerpTimeWaitBeforeShoot": 0.6, "lerpTimeLeave": 0.7, "lazerStay": false,
            "FollowPlayer": false, "KeepFollowPlayer": false,
            "degreeValue": 180.0, "randomDegree": false, "RandomDegreeValue": [ 0.0, 180.0 ],
            "scale": { "x": 1.8, "y": 4.8 },
            "ColorBlaster": 0
        }
    ]
}