{
    "text": [
        {
            "text": "Here we are...\nI saw everything you did"
        },
        {
            "text": "You killed everyone...\nIn every austale\ndimension..."
        },
        {
            "text": "You know, i wont stay\napathetic...\nI WILL STRIKE YOU DOWN!"
        },
        {
            "text": "I can't defeat you by\nmyself, but..."
        },
        {
            "text": "Austale Coders will\nhelp me to defeat\nyou!"
        },
        {
            "text": "It's will be your fault.\nYou know how much\npain you dealing to\nothers??"
        },
        {
            "text": "And i will be last guy\nwho will get pain from\nyou."
        },
        {
            "text": "I won't let you harm\nmy austale creators..."
        },
        {
            "text": "I won't let you destroy\naustale dimensions...."
        },
        {
            "text": "You won't change.\nYou won't even think\nabout saying \"sorry\""
        },
        {
            "text": "The only way for us\nis fighting."
        },
        {
            "text": "You are just doing all\nthat for fun..."
        },
        {
            "text": "You don't even have\nany idea about how\nmuch it costs for us."
        },
        {
            "text": "I will kill you! And\nyou won't stop me."
        },
        {
            "text": "Well, no one was able\nto stop you while\nyou destroying austale\ndimensions."
        },
        {
            "text": "But with all my helpers...\nWith all my power...\nI will stop you!"
        },
        {
            "text": "You won't destroy austale\ndimensions.\nYou won't kill austale\ncoders..."
        },
        {
            "text": "We will have peace.\nA perfect world\nwithout YOU."
        },
        {
            "text": "You will die in\nany moment. So\njust leave this place..."
        },
        {
            "text": "...Before Mot and\nShadow234 will kill you\nright now!"
        },
        {
            "text": "Such a cool austale\ndimensions are existing..."
        },
        {
            "text": "And you destroying them.\nYOU SHOULD SUFFER."
        },
        {
            "text": "You just wanna see my\nspecial attack..."
        },
        {
            "text": "Don't worry, you will see\nit after this one..."
        },
        {
            "text": "You made it. For every\ndestroyed austale\ndimension and every\nkilled austale creator."
        },
        {
            "text": "I WILL MAKE YOU\nREGRET YOUR ACTIONS."
        },
        {
            "text": "<color=red><size=100>DIE!</size></a>"
        }
    ]
}