{
    "atk": [
        {
            "time": 1,
            "boxID": 0,
            "HeartPosition": {
                "x": 3.3499999046325685,
                "y": 1.6100000143051148
            }
        },
        {
            "time": 0.64,
            "boxID": 0,
            "HeartPosition": {
                "x": 3.3499999046325685,
                "y": 1.6100000143051148
            }
        },
        {
            "time": 0.60,
            "boxID": 0,
            "HeartPosition": {
                "x": 3.3499999046325685,
                "y": 1.6100000143051148
            }
        },
        {
            "time": 0.48,
            "boxID": 0,
            "HeartPosition": {
                "x": 3.3499999046325685,
                "y": 1.6100000143051148
            }
        },
        {
            "time": 0.67,
            "boxID": 3,
            "HeartPosition": {
                "x": 3.3499999046325685,
                "y": 1.6100000143051148
            }
        },
        {
            "time": 0.120,
            "boxID": 0,
            "HeartPosition": {
                "x": 3.3499999046325685,
                "y": 1.6100000143051148
            }
        },
        {
            "time": 0.76,
            "boxID": 0,
            "HeartPosition": {
                "x": 3.3499999046325685,
                "y": 1.6100000143051148
            }
        },
        {
            "time": 0.60,
            "boxID": 0,
            "HeartPosition": {
                "x": 3.3499999046325685,
                "y": 1.6100000143051148
            }
        },
        {
            "time": 0.18,
            "boxID": 0,
            "HeartPosition": {
                "x": 3.3499999046325685,
                "y": 1.6100000143051148
            }
        },
        {
            "time": 158,
            "boxID": 0,
            "HeartPosition": {
                "x": 3.3499999046325685,
                "y": 1.6100000143051148
            }
        },
        {
            "time": 5,
            "boxID": 0,
            "HeartPosition": {
                "x": 3.3499999046325685,
                "y": 1.6100000143051148
            }
        },
        {
            "time": 5,
            "boxID": 0,
            "HeartPosition": {
                "x": 3.3499999046325685,
                "y": 1.6100000143051148
            }
        },
        {
            "time": 5,
            "boxID": 0,
            "HeartPosition": {
                "x": 3.3499999046325685,
                "y": 1.6100000143051148
            }
        },
        {
            "time": 5,
            "boxID": 0,
            "HeartPosition": {
                "x": 3.3499999046325685,
                "y": 1.6100000143051148
            }
        }
    ]
}