{
    "item": [
        {
            "name": "SpaceCapybara",
            "hpRecover": 168.0
        },
        {
            "name": "Mot",
            "hpRecover": 192.0
        },
        {
            "name": "BelowTale",
            "hpRecover": 146.0
        },
        {
            "name": "UT Japan",
            "hpRecover": 118.0
        },
        {
            "name": "AndreiKylo",
            "hpRecover": 142.0
        },
        {
            "name": "Sansss",
            "hpRecover": 104.0
        },
        {
            "name": "CS-Papyrus",
            "hpRecover": 116.0
        },
        {
            "name": "YaboiYEET",
            "hpRecover": 180.0
        }
    ]
}